   1               		.file	"Arduino-keyboard.c"
   2               	__SP_H__ = 0x3e
   3               	__SP_L__ = 0x3d
   4               	__SREG__ = 0x3f
   5               	__tmp_reg__ = 0
   6               	__zero_reg__ = 1
   7               		.text
   8               	.Ltext0:
   9               		.cfi_sections	.debug_frame
  10               		.section	.text.MediaQueue_Push,"ax",@progbits
  12               	MediaQueue_Push:
  13               	.LFB94:
  14               		.file 1 "Arduino-keyboard.c"
   1:Arduino-keyboard.c ****  /*
   2:Arduino-keyboard.c **** 
   3:Arduino-keyboard.c ****              LUFA Library
   4:Arduino-keyboard.c **** 
   5:Arduino-keyboard.c ****      Copyright (C) Dean Camera, 2010.
   6:Arduino-keyboard.c **** 
   7:Arduino-keyboard.c ****               
   8:Arduino-keyboard.c **** 
   9:Arduino-keyboard.c ****   dean [at] fourwalledcubicle [dot] com
  10:Arduino-keyboard.c **** 
  11:Arduino-keyboard.c ****       www.fourwalledcubicle.com
  12:Arduino-keyboard.c **** 
  13:Arduino-keyboard.c **** */
  14:Arduino-keyboard.c **** 
  15:Arduino-keyboard.c **** 
  16:Arduino-keyboard.c **** /*
  17:Arduino-keyboard.c **** 
  18:Arduino-keyboard.c ****   Copyright 2010  Dean Camera (dean [at] fourwalledcubicle [dot] com)
  19:Arduino-keyboard.c **** 
  20:Arduino-keyboard.c **** 
  21:Arduino-keyboard.c ****   Permission to use, copy, modify, distribute, and sell this 
  22:Arduino-keyboard.c **** 
  23:Arduino-keyboard.c ****   software and its documentation for any purpose is hereby granted
  24:Arduino-keyboard.c **** 
  25:Arduino-keyboard.c ****   without fee, provided that the above copyright notice appear in 
  26:Arduino-keyboard.c **** 
  27:Arduino-keyboard.c ****   all copies and that both that the copyright notice and this
  28:Arduino-keyboard.c **** 
  29:Arduino-keyboard.c ****   permission notice and warranty disclaimer appear in supporting 
  30:Arduino-keyboard.c **** 
  31:Arduino-keyboard.c ****   documentation, and that the name of the author not be used in 
  32:Arduino-keyboard.c **** 
  33:Arduino-keyboard.c ****   advertising or publicity pertaining to distribution of the 
  34:Arduino-keyboard.c **** 
  35:Arduino-keyboard.c ****   software without specific, written prior permission.
  36:Arduino-keyboard.c **** 
  37:Arduino-keyboard.c **** 
  38:Arduino-keyboard.c ****   The author disclaim all warranties with regard to this
  39:Arduino-keyboard.c **** 
  40:Arduino-keyboard.c ****   software, including all implied warranties of merchantability
  41:Arduino-keyboard.c **** 
  42:Arduino-keyboard.c ****   and fitness.  In no event shall the author be liable for any
  43:Arduino-keyboard.c **** 
  44:Arduino-keyboard.c ****   special, indirect or consequential damages or any damages
  45:Arduino-keyboard.c **** 
  46:Arduino-keyboard.c ****   whatsoever resulting from loss of use, data or profits, whether
  47:Arduino-keyboard.c **** 
  48:Arduino-keyboard.c ****   in an action of contract, negligence or other tortious action,
  49:Arduino-keyboard.c **** 
  50:Arduino-keyboard.c ****   arising out of or in connection with the use or performance of
  51:Arduino-keyboard.c **** 
  52:Arduino-keyboard.c ****   this software.
  53:Arduino-keyboard.c **** 
  54:Arduino-keyboard.c **** */
  55:Arduino-keyboard.c **** 
  56:Arduino-keyboard.c **** 
  57:Arduino-keyboard.c **** /*-
  58:Arduino-keyboard.c **** 
  59:Arduino-keyboard.c ****  * Copyright (c) 2011 Darran Hunt (darran [at] hunt dot net dot nz)
  60:Arduino-keyboard.c **** 
  61:Arduino-keyboard.c ****  * All rights reserved.
  62:Arduino-keyboard.c **** 
  63:Arduino-keyboard.c ****  *
  64:Arduino-keyboard.c **** 
  65:Arduino-keyboard.c ****  * Redistribution and use in source and binary forms, with or without
  66:Arduino-keyboard.c **** 
  67:Arduino-keyboard.c ****  * modification, are permitted provided that the following conditions
  68:Arduino-keyboard.c **** 
  69:Arduino-keyboard.c ****  * are met:
  70:Arduino-keyboard.c **** 
  71:Arduino-keyboard.c ****  * 1. Redistributions of source code must retain the above copyright
  72:Arduino-keyboard.c **** 
  73:Arduino-keyboard.c ****  *    notice, this list of conditions and the following disclaimer.
  74:Arduino-keyboard.c **** 
  75:Arduino-keyboard.c ****  * 2. Redistributions in binary form must reproduce the above copyright
  76:Arduino-keyboard.c **** 
  77:Arduino-keyboard.c ****  *    notice, this list of conditions and the following disclaimer in the
  78:Arduino-keyboard.c **** 
  79:Arduino-keyboard.c ****  *    documentation and/or other materials provided with the distribution.
  80:Arduino-keyboard.c **** 
  81:Arduino-keyboard.c ****  *
  82:Arduino-keyboard.c **** 
  83:Arduino-keyboard.c ****  * THIS SOFTWARE IS PROVIDED ``AS IS'' AND ANY EXPRESS OR IMPLIED WARRANTIES,
  84:Arduino-keyboard.c **** 
  85:Arduino-keyboard.c ****  * INCLUDING, BUT NOT LIMITED TO, THE IMPLIED WARRANTIES OF MERCHANTABILITY
  86:Arduino-keyboard.c **** 
  87:Arduino-keyboard.c ****  * AND FITNESS FOR A PARTICULAR PURPOSE ARE DISCLAIMED.  IN NO EVENT SHALL
  88:Arduino-keyboard.c **** 
  89:Arduino-keyboard.c ****  * THE CONTRIBUTORS BE LIABLE FOR ANY DIRECT, INDIRECT, INCIDENTAL, SPECIAL,
  90:Arduino-keyboard.c **** 
  91:Arduino-keyboard.c ****  * EXEMPLARY, OR CONSEQUENTIAL DAMAGES (INCLUDING, BUT NOT LIMITED TO,
  92:Arduino-keyboard.c **** 
  93:Arduino-keyboard.c ****  * PROCUREMENT OF SUBSTITUTE GOODS OR SERVICES; LOSS OF USE, DATA, OR PROFITS;
  94:Arduino-keyboard.c **** 
  95:Arduino-keyboard.c ****  * OR BUSINESS INTERRUPTION) HOWEVER CAUSED AND ON ANY THEORY OF LIABILITY,
  96:Arduino-keyboard.c **** 
  97:Arduino-keyboard.c ****  * WHETHER IN CONTRACT, STRICT LIABILITY, OR TORT (INCLUDING NEGLIGENCE OR
  98:Arduino-keyboard.c **** 
  99:Arduino-keyboard.c ****  * OTHERWISE) ARISING IN ANY WAY OUT OF THE USE OF THIS SOFTWARE, EVEN IF
 100:Arduino-keyboard.c **** 
 101:Arduino-keyboard.c ****  * ADVISED OF THE POSSIBILITY OF SUCH DAMAGE.
 102:Arduino-keyboard.c **** 
 103:Arduino-keyboard.c ****  */
 104:Arduino-keyboard.c **** 
 105:Arduino-keyboard.c **** 
 106:Arduino-keyboard.c **** /*
 107:Arduino-keyboard.c **** 
 108:Arduino-keyboard.c ****  * Date         Rev  Description
 109:Arduino-keyboard.c **** 
 110:Arduino-keyboard.c ****  * 21-Mar-2011  0.1  Initial version.
 111:Arduino-keyboard.c **** 
 112:Arduino-keyboard.c ****  * 23-Mar-2011  0.2  Improved handling of serial reports to ensure that all reports
 113:Arduino-keyboard.c **** 
 114:Arduino-keyboard.c ****  *                   will be sent.
 115:Arduino-keyboard.c **** 
 116:Arduino-keyboard.c ****  * 13-Apr-2011  0.3  Extended range of keys from 101 to 231.
 117:Arduino-keyboard.c **** 
 118:Arduino-keyboard.c ****  */
 119:Arduino-keyboard.c **** 
 120:Arduino-keyboard.c **** 
 121:Arduino-keyboard.c **** /** \file
 122:Arduino-keyboard.c **** 
 123:Arduino-keyboard.c ****  *
 124:Arduino-keyboard.c **** 
 125:Arduino-keyboard.c ****  *  Main source file for the Arduino-keyboard project. This file contains the main tasks of
 126:Arduino-keyboard.c **** 
 127:Arduino-keyboard.c ****  *  the project and is responsible for the initial application hardware configuration.
 128:Arduino-keyboard.c **** 
 129:Arduino-keyboard.c ****  */ 
 130:Arduino-keyboard.c **** 
 131:Arduino-keyboard.c **** #include "Arduino-keyboard.h"
 132:Arduino-keyboard.c **** #include <string.h>
 133:Arduino-keyboard.c **** #include <stdbool.h>
 134:Arduino-keyboard.c **** #include <stdint.h>
 135:Arduino-keyboard.c **** #include <util/atomic.h>
 136:Arduino-keyboard.c **** 
 137:Arduino-keyboard.c **** /** Buffers to hold previously generated HID reports for OS comparison */
 138:Arduino-keyboard.c **** uint8_t PrevKeyboardHIDReportBuffer[sizeof(USB_KeyboardReport_Data_t)];
 139:Arduino-keyboard.c **** uint8_t PrevMediaHIDReportBuffer[sizeof(USB_MediaReport_Data_t)];
 140:Arduino-keyboard.c **** 
 141:Arduino-keyboard.c **** /** Endpoint mapping configurations */
 142:Arduino-keyboard.c **** USB_ClassInfo_HID_Device_t HID_KeyboardInterface = {
 143:Arduino-keyboard.c ****     .Config = {
 144:Arduino-keyboard.c ****         .InterfaceNumber            = 0,
 145:Arduino-keyboard.c ****         .ReportINEndpointNumber     = KEYBOARD_EPNUM,
 146:Arduino-keyboard.c ****         .ReportINEndpointSize       = KEYBOARD_EPSIZE,
 147:Arduino-keyboard.c ****         .ReportINEndpointDoubleBank = false,
 148:Arduino-keyboard.c ****         .PrevReportINBuffer         = PrevKeyboardHIDReportBuffer,
 149:Arduino-keyboard.c ****         .PrevReportINBufferSize     = sizeof(PrevKeyboardHIDReportBuffer),
 150:Arduino-keyboard.c ****     },
 151:Arduino-keyboard.c **** };
 152:Arduino-keyboard.c **** 
 153:Arduino-keyboard.c **** USB_ClassInfo_HID_Device_t HID_MediaInterface = {
 154:Arduino-keyboard.c ****     .Config = {
 155:Arduino-keyboard.c ****         .InterfaceNumber            = 1,
 156:Arduino-keyboard.c ****         .ReportINEndpointNumber     = MEDIA_EPNUM,
 157:Arduino-keyboard.c ****         .ReportINEndpointSize       = MEDIA_EPSIZE,
 158:Arduino-keyboard.c ****         .ReportINEndpointDoubleBank = false,
 159:Arduino-keyboard.c ****         .PrevReportINBuffer         = PrevMediaHIDReportBuffer,
 160:Arduino-keyboard.c ****         .PrevReportINBufferSize     = sizeof(PrevMediaHIDReportBuffer),
 161:Arduino-keyboard.c ****     },
 162:Arduino-keyboard.c **** };
 163:Arduino-keyboard.c **** 
 164:Arduino-keyboard.c **** /* ---------------------------------------------------------
 165:Arduino-keyboard.c ****  * Asynchronous Circular Queues (Type-Safe)
 166:Arduino-keyboard.c ****  * --------------------------------------------------------- */
 167:Arduino-keyboard.c **** #define KEYBOARD_QUEUE_SIZE 8
 168:Arduino-keyboard.c **** static USB_KeyboardReport_Data_t KeyboardQueue[KEYBOARD_QUEUE_SIZE];
 169:Arduino-keyboard.c **** static volatile uint8_t KeyboardHead = 0;
 170:Arduino-keyboard.c **** static volatile uint8_t KeyboardTail = 0;
 171:Arduino-keyboard.c **** 
 172:Arduino-keyboard.c **** #define MEDIA_QUEUE_SIZE 16
 173:Arduino-keyboard.c **** static uint16_t MediaQueue[MEDIA_QUEUE_SIZE];
 174:Arduino-keyboard.c **** static volatile uint8_t MediaHead = 0;
 175:Arduino-keyboard.c **** static volatile uint8_t MediaTail = 0;
 176:Arduino-keyboard.c **** 
 177:Arduino-keyboard.c **** // Internal media transmission state management
 178:Arduino-keyboard.c **** typedef enum {
 179:Arduino-keyboard.c ****     MEDIA_IDLE = 0,
 180:Arduino-keyboard.c ****     MEDIA_SEND_RELEASE
 181:Arduino-keyboard.c **** } media_state_t;
 182:Arduino-keyboard.c **** 
 183:Arduino-keyboard.c **** static media_state_t MediaState = MEDIA_IDLE;
 184:Arduino-keyboard.c **** static uint16_t currentMediaUsage = 0;
 185:Arduino-keyboard.c **** uint8_t ledReport = 0;
 186:Arduino-keyboard.c **** 
 187:Arduino-keyboard.c **** /* --- FSM Parser Global Context Variables --- */
 188:Arduino-keyboard.c **** #define SERIAL_PARSER_BUFFER_SIZE 64
 189:Arduino-keyboard.c **** static volatile uint8_t parserBuffer[SERIAL_PARSER_BUFFER_SIZE];
 190:Arduino-keyboard.c **** static volatile uint8_t parserHead  = 0;
 191:Arduino-keyboard.c **** static volatile uint8_t parserTail  = 0;
 192:Arduino-keyboard.c **** static volatile uint8_t parserCount = 0;
 193:Arduino-keyboard.c **** 
 194:Arduino-keyboard.c **** typedef enum {
 195:Arduino-keyboard.c ****     STATE_PARSE_HEADER = 0,
 196:Arduino-keyboard.c ****     STATE_PARSE_PAYLOAD
 197:Arduino-keyboard.c **** } parser_state_t;
 198:Arduino-keyboard.c **** 
 199:Arduino-keyboard.c **** static parser_state_t CurrentParserState = STATE_PARSE_HEADER;
 200:Arduino-keyboard.c **** static uint8_t        ActivePacketType   = 0x00;
 201:Arduino-keyboard.c **** static uint8_t        PayloadByteIndex   = 0;
 202:Arduino-keyboard.c **** 
 203:Arduino-keyboard.c **** // Shared extraction layout matching the 8-byte core payload width
 204:Arduino-keyboard.c **** static union {
 205:Arduino-keyboard.c ****     USB_KeyboardReport_Data_t Keyboard;
 206:Arduino-keyboard.c ****     uint8_t                   RawBytes[sizeof(USB_KeyboardReport_Data_t)];
 207:Arduino-keyboard.c **** } CurrentFrameContext;
 208:Arduino-keyboard.c **** 
 209:Arduino-keyboard.c **** 
 210:Arduino-keyboard.c **** /* ---------------------------------------------------------
 211:Arduino-keyboard.c ****  * Utility Mapping & Queue APIs
 212:Arduino-keyboard.c ****  * --------------------------------------------------------- */
 213:Arduino-keyboard.c **** static inline bool IsMediaUsage(uint8_t usage)
 214:Arduino-keyboard.c **** {
 215:Arduino-keyboard.c ****      return (usage == 0xE9) || /* Volume Up */
 216:Arduino-keyboard.c ****             (usage == 0xEA) || /* Volume Down */
 217:Arduino-keyboard.c ****             (usage == 0xE2) || /* Mute */
 218:Arduino-keyboard.c ****             (usage == 0xCD) || /* Play/Pause */
 219:Arduino-keyboard.c ****             (usage == 0xB5) || /* Next Track */
 220:Arduino-keyboard.c ****             (usage == 0xB6) || /* Prev Track */
 221:Arduino-keyboard.c ****             (usage == 0xB7);    /* Stop */
 222:Arduino-keyboard.c **** }
 223:Arduino-keyboard.c **** 
 224:Arduino-keyboard.c **** static inline uint16_t MapMediaUsage(uint8_t usage)
 225:Arduino-keyboard.c **** {
 226:Arduino-keyboard.c ****      switch (usage)
 227:Arduino-keyboard.c ****      {
 228:Arduino-keyboard.c ****          case 0xE9: return 0x00E9;
 229:Arduino-keyboard.c ****          case 0xEA: return 0x00EA;
 230:Arduino-keyboard.c ****          case 0xE2: return 0x00E2;
 231:Arduino-keyboard.c ****          case 0xCD: return 0x00CD;
 232:Arduino-keyboard.c ****          case 0xB5: return 0x00B5;
 233:Arduino-keyboard.c ****          case 0xB6: return 0x00B6;
 234:Arduino-keyboard.c ****          case 0xB7: return 0x00B7;
 235:Arduino-keyboard.c ****          default:     return 0x0000;
 236:Arduino-keyboard.c ****      }
 237:Arduino-keyboard.c **** }
 238:Arduino-keyboard.c **** 
 239:Arduino-keyboard.c **** static bool KeyboardQueue_Push(const USB_KeyboardReport_Data_t* Report) {
 240:Arduino-keyboard.c ****     uint8_t nextTail = (KeyboardTail + 1) % KEYBOARD_QUEUE_SIZE;
 241:Arduino-keyboard.c ****     if (nextTail == KeyboardHead) return false;
 242:Arduino-keyboard.c ****     KeyboardQueue[KeyboardTail] = *Report;
 243:Arduino-keyboard.c ****     KeyboardTail = nextTail;
 244:Arduino-keyboard.c ****     return true;
 245:Arduino-keyboard.c **** }
 246:Arduino-keyboard.c **** 
 247:Arduino-keyboard.c **** static bool KeyboardQueue_Pop(USB_KeyboardReport_Data_t* Report) {
 248:Arduino-keyboard.c ****     if (KeyboardHead == KeyboardTail) return false;
 249:Arduino-keyboard.c ****     *Report = KeyboardQueue[KeyboardHead];
 250:Arduino-keyboard.c ****     KeyboardHead = (KeyboardHead + 1) % KEYBOARD_QUEUE_SIZE;
 251:Arduino-keyboard.c ****     return true;
 252:Arduino-keyboard.c **** }
 253:Arduino-keyboard.c **** 
 254:Arduino-keyboard.c **** static bool MediaQueue_Push(uint16_t Usage) {
  15               		.loc 1 254 0
  16               		.cfi_startproc
  17               	.LVL0:
  18               	/* prologue: function */
  19               	/* frame size = 0 */
  20               	/* stack size = 0 */
  21               	.L__stack_usage = 0
 255:Arduino-keyboard.c ****     uint8_t nextTail = (MediaTail + 1) % MEDIA_QUEUE_SIZE;
  22               		.loc 1 255 0
  23 0000 2091 0000 		lds r18,MediaTail
  24 0004 30E0      		ldi r19,0
  25 0006 2F5F      		subi r18,-1
  26 0008 3F4F      		sbci r19,-1
  27 000a 2F70      		andi r18,15
  28 000c 3327      		clr r19
  29               	.LVL1:
 256:Arduino-keyboard.c ****     if (nextTail == MediaHead) return false;
  30               		.loc 1 256 0
  31 000e 4091 0000 		lds r20,MediaHead
  32 0012 4217      		cp r20,r18
  33 0014 01F0      		breq .L3
 257:Arduino-keyboard.c ****     MediaQueue[MediaTail] = Usage;
  34               		.loc 1 257 0
  35 0016 E091 0000 		lds r30,MediaTail
  36 001a F0E0      		ldi r31,0
  37 001c EE0F      		lsl r30
  38 001e FF1F      		rol r31
  39 0020 E050      		subi r30,lo8(-(MediaQueue))
  40 0022 F040      		sbci r31,hi8(-(MediaQueue))
  41 0024 9183      		std Z+1,r25
  42 0026 8083      		st Z,r24
 258:Arduino-keyboard.c ****     MediaTail = nextTail;
  43               		.loc 1 258 0
  44 0028 2093 0000 		sts MediaTail,r18
 259:Arduino-keyboard.c ****     return true;
  45               		.loc 1 259 0
  46 002c 81E0      		ldi r24,lo8(1)
  47               	.LVL2:
  48 002e 0895      		ret
  49               	.LVL3:
  50               	.L3:
 256:Arduino-keyboard.c ****     MediaQueue[MediaTail] = Usage;
  51               		.loc 1 256 0
  52 0030 80E0      		ldi r24,0
  53               	.LVL4:
  54               	/* epilogue start */
 260:Arduino-keyboard.c **** }
  55               		.loc 1 260 0
  56 0032 0895      		ret
  57               		.cfi_endproc
  58               	.LFE94:
  60               		.section	.text.ProcessIncomingSerialData,"ax",@progbits
  61               	.global	ProcessIncomingSerialData
  63               	ProcessIncomingSerialData:
  64               	.LFB97:
 261:Arduino-keyboard.c **** 
 262:Arduino-keyboard.c **** static bool MediaQueue_Pop(uint16_t* Usage) {
 263:Arduino-keyboard.c ****     if (MediaHead == MediaTail) return false;
 264:Arduino-keyboard.c ****     *Usage = MediaQueue[MediaHead];
 265:Arduino-keyboard.c ****     MediaHead = (MediaHead + 1) % MEDIA_QUEUE_SIZE;
 266:Arduino-keyboard.c ****     return true;
 267:Arduino-keyboard.c **** }
 268:Arduino-keyboard.c **** 
 269:Arduino-keyboard.c **** // Atomic helper to calculate available raw streaming bytes
 270:Arduino-keyboard.c **** static inline uint8_t SafeGetParserCount(void) {
 271:Arduino-keyboard.c ****     uint8_t count;
 272:Arduino-keyboard.c ****     ATOMIC_BLOCK(ATOMIC_RESTORESTATE) {
 273:Arduino-keyboard.c ****         count = parserCount;
 274:Arduino-keyboard.c ****     }
 275:Arduino-keyboard.c ****     return count;
 276:Arduino-keyboard.c **** }
 277:Arduino-keyboard.c **** 
 278:Arduino-keyboard.c **** 
 279:Arduino-keyboard.c **** /* ---------------------------------------------------------
 280:Arduino-keyboard.c ****  * FSM Asynchronous Streaming Engine
 281:Arduino-keyboard.c ****  * --------------------------------------------------------- */
 282:Arduino-keyboard.c **** void ProcessIncomingSerialData(void) {
  65               		.loc 1 282 0
  66               		.cfi_startproc
  67 0000 CF93      		push r28
  68               	.LCFI0:
  69               		.cfi_def_cfa_offset 3
  70               		.cfi_offset 28, -2
  71               	/* prologue: function */
  72               	/* frame size = 0 */
  73               	/* stack size = 1 */
  74               	.L__stack_usage = 1
 283:Arduino-keyboard.c ****     // Suspend packet digestion if USB is suspended/disconnected
 284:Arduino-keyboard.c ****     if (USB_DeviceState != DEVICE_STATE_Configured) return;
  75               		.loc 1 284 0
  76 0002 8EB3      		in r24,0x1e
  77               	.LBB43:
 285:Arduino-keyboard.c **** 
 286:Arduino-keyboard.c ****     while (SafeGetParserCount() > 0) {
 287:Arduino-keyboard.c ****         uint8_t IncomingByte;
 288:Arduino-keyboard.c ****         
 289:Arduino-keyboard.c ****         // Safely extract one byte from the ring buffer
 290:Arduino-keyboard.c ****         ATOMIC_BLOCK(ATOMIC_RESTORESTATE) {
 291:Arduino-keyboard.c ****             IncomingByte = parserBuffer[parserTail];
 292:Arduino-keyboard.c ****             parserTail = (parserTail + 1) % SERIAL_PARSER_BUFFER_SIZE;
 293:Arduino-keyboard.c ****             parserCount--;
 294:Arduino-keyboard.c ****         }
 295:Arduino-keyboard.c **** 
 296:Arduino-keyboard.c ****         switch (CurrentParserState) {
 297:Arduino-keyboard.c ****             case STATE_PARSE_HEADER:
 298:Arduino-keyboard.c ****                 if (IncomingByte == 0x01 || IncomingByte == 0x02) {
 299:Arduino-keyboard.c ****                     ActivePacketType   = IncomingByte;
 300:Arduino-keyboard.c ****                     PayloadByteIndex   = 0;
 301:Arduino-keyboard.c ****                     CurrentParserState = STATE_PARSE_PAYLOAD;
  78               		.loc 1 301 0
  79 0004 C1E0      		ldi r28,lo8(1)
  80               	.LBE43:
 284:Arduino-keyboard.c **** 
  81               		.loc 1 284 0
  82 0006 8430      		cpi r24,lo8(4)
  83 0008 01F0      		breq .L5
  84               	.L4:
  85               	/* epilogue start */
 302:Arduino-keyboard.c ****                 }
 303:Arduino-keyboard.c ****                 // If invalid header, implicitly fall through and discard byte (auto-realigns)
 304:Arduino-keyboard.c ****                 break;
 305:Arduino-keyboard.c **** 
 306:Arduino-keyboard.c ****             case STATE_PARSE_PAYLOAD:
 307:Arduino-keyboard.c ****                 CurrentFrameContext.RawBytes[PayloadByteIndex++] = IncomingByte;
 308:Arduino-keyboard.c **** 
 309:Arduino-keyboard.c ****                 if (PayloadByteIndex >= sizeof(USB_KeyboardReport_Data_t)) {
 310:Arduino-keyboard.c ****                     if (ActivePacketType == 0x01) {
 311:Arduino-keyboard.c ****                         KeyboardQueue_Push(&CurrentFrameContext.Keyboard);
 312:Arduino-keyboard.c ****                     }
 313:Arduino-keyboard.c ****                     else if (ActivePacketType == 0x02) {
 314:Arduino-keyboard.c ****                         // Extract Media Code mapping
 315:Arduino-keyboard.c ****                         uint8_t mediaRaw = CurrentFrameContext.RawBytes[0];
 316:Arduino-keyboard.c ****                         if (IsMediaUsage(mediaRaw)) {
 317:Arduino-keyboard.c ****                             MediaQueue_Push(MapMediaUsage(mediaRaw));
 318:Arduino-keyboard.c ****                         } else if (mediaRaw == 0x00) { // Catch empty release frames
 319:Arduino-keyboard.c ****                              MediaQueue_Push(0x0000); 
 320:Arduino-keyboard.c ****                         }
 321:Arduino-keyboard.c ****                     }
 322:Arduino-keyboard.c ****                     // Terminate layout parsing, prepare for next dynamic packet
 323:Arduino-keyboard.c ****                     CurrentParserState = STATE_PARSE_HEADER;
 324:Arduino-keyboard.c ****                     ActivePacketType   = 0x00;
 325:Arduino-keyboard.c ****                     PayloadByteIndex   = 0;
 326:Arduino-keyboard.c ****                 }
 327:Arduino-keyboard.c ****                 break;
 328:Arduino-keyboard.c ****                 
 329:Arduino-keyboard.c ****             default:
 330:Arduino-keyboard.c ****                 CurrentParserState = STATE_PARSE_HEADER;
 331:Arduino-keyboard.c ****                 break;
 332:Arduino-keyboard.c ****         }
 333:Arduino-keyboard.c ****     }
 334:Arduino-keyboard.c **** }
  86               		.loc 1 334 0
  87 000a CF91      		pop r28
  88 000c 0895      		ret
  89               	.LVL5:
  90               	.L7:
  91               	.LBB56:
 298:Arduino-keyboard.c ****                     ActivePacketType   = IncomingByte;
  92               		.loc 1 298 0
  93 000e 8FEF      		ldi r24,lo8(-1)
  94 0010 820F      		add r24,r18
  95 0012 8230      		cpi r24,lo8(2)
  96 0014 00F4      		brsh .L5
 299:Arduino-keyboard.c ****                     PayloadByteIndex   = 0;
  97               		.loc 1 299 0
  98 0016 2093 0000 		sts ActivePacketType,r18
 300:Arduino-keyboard.c ****                     CurrentParserState = STATE_PARSE_PAYLOAD;
  99               		.loc 1 300 0
 100 001a 1092 0000 		sts PayloadByteIndex,__zero_reg__
 301:Arduino-keyboard.c ****                 }
 101               		.loc 1 301 0
 102 001e C093 0000 		sts CurrentParserState,r28
 103               	.LVL6:
 104               	.L5:
 105               	.LBE56:
 106               	.LBB57:
 107               	.LBB58:
 108               	.LBB59:
 272:Arduino-keyboard.c ****         count = parserCount;
 109               		.loc 1 272 0
 110 0022 9FB7      		in r25,__SREG__
 111               	.LVL7:
 112               	.LBB60:
 113               	.LBB61:
 114               		.file 2 "/usr/lib/avr/include/util/atomic.h"
   1:/usr/lib/avr/include/util/atomic.h **** /* Copyright (c) 2007 Dean Camera
   2:/usr/lib/avr/include/util/atomic.h ****    All rights reserved.
   3:/usr/lib/avr/include/util/atomic.h **** 
   4:/usr/lib/avr/include/util/atomic.h ****    Redistribution and use in source and binary forms, with or without
   5:/usr/lib/avr/include/util/atomic.h ****    modification, are permitted provided that the following conditions are met:
   6:/usr/lib/avr/include/util/atomic.h **** 
   7:/usr/lib/avr/include/util/atomic.h ****    * Redistributions of source code must retain the above copyright
   8:/usr/lib/avr/include/util/atomic.h ****      notice, this list of conditions and the following disclaimer.
   9:/usr/lib/avr/include/util/atomic.h **** 
  10:/usr/lib/avr/include/util/atomic.h ****    * Redistributions in binary form must reproduce the above copyright
  11:/usr/lib/avr/include/util/atomic.h ****      notice, this list of conditions and the following disclaimer in
  12:/usr/lib/avr/include/util/atomic.h ****      the documentation and/or other materials provided with the
  13:/usr/lib/avr/include/util/atomic.h ****      distribution.
  14:/usr/lib/avr/include/util/atomic.h **** 
  15:/usr/lib/avr/include/util/atomic.h ****    * Neither the name of the copyright holders nor the names of
  16:/usr/lib/avr/include/util/atomic.h ****      contributors may be used to endorse or promote products derived
  17:/usr/lib/avr/include/util/atomic.h ****      from this software without specific prior written permission.
  18:/usr/lib/avr/include/util/atomic.h **** 
  19:/usr/lib/avr/include/util/atomic.h ****   THIS SOFTWARE IS PROVIDED BY THE COPYRIGHT HOLDERS AND CONTRIBUTORS "AS IS"
  20:/usr/lib/avr/include/util/atomic.h ****   AND ANY EXPRESS OR IMPLIED WARRANTIES, INCLUDING, BUT NOT LIMITED TO, THE
  21:/usr/lib/avr/include/util/atomic.h ****   IMPLIED WARRANTIES OF MERCHANTABILITY AND FITNESS FOR A PARTICULAR PURPOSE
  22:/usr/lib/avr/include/util/atomic.h ****   ARE DISCLAIMED. IN NO EVENT SHALL THE COPYRIGHT OWNER OR CONTRIBUTORS BE
  23:/usr/lib/avr/include/util/atomic.h ****   LIABLE FOR ANY DIRECT, INDIRECT, INCIDENTAL, SPECIAL, EXEMPLARY, OR
  24:/usr/lib/avr/include/util/atomic.h ****   CONSEQUENTIAL DAMAGES (INCLUDING, BUT NOT LIMITED TO, PROCUREMENT OF
  25:/usr/lib/avr/include/util/atomic.h ****   SUBSTITUTE GOODS OR SERVICES; LOSS OF USE, DATA, OR PROFITS; OR BUSINESS
  26:/usr/lib/avr/include/util/atomic.h ****   INTERRUPTION) HOWEVER CAUSED AND ON ANY THEORY OF LIABILITY, WHETHER IN
  27:/usr/lib/avr/include/util/atomic.h ****   CONTRACT, STRICT LIABILITY, OR TORT (INCLUDING NEGLIGENCE OR OTHERWISE)
  28:/usr/lib/avr/include/util/atomic.h ****   ARISING IN ANY WAY OUT OF THE USE OF THIS SOFTWARE, EVEN IF ADVISED OF THE
  29:/usr/lib/avr/include/util/atomic.h ****   POSSIBILITY OF SUCH DAMAGE.
  30:/usr/lib/avr/include/util/atomic.h **** */
  31:/usr/lib/avr/include/util/atomic.h **** 
  32:/usr/lib/avr/include/util/atomic.h **** /* $Id$ */
  33:/usr/lib/avr/include/util/atomic.h **** 
  34:/usr/lib/avr/include/util/atomic.h **** #ifndef _UTIL_ATOMIC_H_
  35:/usr/lib/avr/include/util/atomic.h **** #define _UTIL_ATOMIC_H_ 1
  36:/usr/lib/avr/include/util/atomic.h **** 
  37:/usr/lib/avr/include/util/atomic.h **** #include <avr/io.h>
  38:/usr/lib/avr/include/util/atomic.h **** #include <avr/interrupt.h>
  39:/usr/lib/avr/include/util/atomic.h **** 
  40:/usr/lib/avr/include/util/atomic.h **** #if !defined(__DOXYGEN__)
  41:/usr/lib/avr/include/util/atomic.h **** /* Internal helper functions. */
  42:/usr/lib/avr/include/util/atomic.h **** static __inline__ uint8_t __iSeiRetVal(void)
  43:/usr/lib/avr/include/util/atomic.h **** {
  44:/usr/lib/avr/include/util/atomic.h ****     sei();
  45:/usr/lib/avr/include/util/atomic.h ****     return 1;
  46:/usr/lib/avr/include/util/atomic.h **** }
  47:/usr/lib/avr/include/util/atomic.h **** 
  48:/usr/lib/avr/include/util/atomic.h **** static __inline__ uint8_t __iCliRetVal(void)
  49:/usr/lib/avr/include/util/atomic.h **** {
  50:/usr/lib/avr/include/util/atomic.h ****     cli();
 115               		.loc 2 50 0
 116               	/* #APP */
 117               	 ;  50 "/usr/lib/avr/include/util/atomic.h" 1
 118 0024 F894      		cli
 119               	 ;  0 "" 2
 120               	.LVL8:
 121               	/* #NOAPP */
 122               	.LBE61:
 123               	.LBE60:
 273:Arduino-keyboard.c ****     }
 124               		.loc 1 273 0
 125 0026 8091 0000 		lds r24,parserCount
 126               	.LVL9:
 127               	.LBB62:
 128               	.LBB63:
  51:/usr/lib/avr/include/util/atomic.h ****     return 1;
  52:/usr/lib/avr/include/util/atomic.h **** }
  53:/usr/lib/avr/include/util/atomic.h **** 
  54:/usr/lib/avr/include/util/atomic.h **** static __inline__ void __iSeiParam(const uint8_t *__s)
  55:/usr/lib/avr/include/util/atomic.h **** {
  56:/usr/lib/avr/include/util/atomic.h ****     sei();
  57:/usr/lib/avr/include/util/atomic.h ****     __asm__ volatile ("" ::: "memory");
  58:/usr/lib/avr/include/util/atomic.h ****     (void)__s;
  59:/usr/lib/avr/include/util/atomic.h **** }
  60:/usr/lib/avr/include/util/atomic.h **** 
  61:/usr/lib/avr/include/util/atomic.h **** static __inline__ void __iCliParam(const uint8_t *__s)
  62:/usr/lib/avr/include/util/atomic.h **** {
  63:/usr/lib/avr/include/util/atomic.h ****     cli();
  64:/usr/lib/avr/include/util/atomic.h ****     __asm__ volatile ("" ::: "memory");
  65:/usr/lib/avr/include/util/atomic.h ****     (void)__s;
  66:/usr/lib/avr/include/util/atomic.h **** }
  67:/usr/lib/avr/include/util/atomic.h **** 
  68:/usr/lib/avr/include/util/atomic.h **** static __inline__ void __iRestore(const  uint8_t *__s)
  69:/usr/lib/avr/include/util/atomic.h **** {
  70:/usr/lib/avr/include/util/atomic.h ****     SREG = *__s;
 129               		.loc 2 70 0
 130 002a 9FBF      		out __SREG__,r25
  71:/usr/lib/avr/include/util/atomic.h ****     __asm__ volatile ("" ::: "memory");
 131               		.loc 2 71 0
 132               	.LVL10:
 133               	.LBE63:
 134               	.LBE62:
 135               	.LBE59:
 136               	.LBE58:
 137               	.LBE57:
 286:Arduino-keyboard.c ****         uint8_t IncomingByte;
 138               		.loc 1 286 0
 139 002c 8823      		tst r24
 140 002e 01F0      		breq .L4
 141               	.LBB64:
 142               	.LBB44:
 290:Arduino-keyboard.c ****             IncomingByte = parserBuffer[parserTail];
 143               		.loc 1 290 0
 144 0030 3FB7      		in r19,__SREG__
 145               	.LVL11:
 146               	.LBB45:
 147               	.LBB46:
  50:/usr/lib/avr/include/util/atomic.h ****     return 1;
 148               		.loc 2 50 0
 149               	/* #APP */
 150               	 ;  50 "/usr/lib/avr/include/util/atomic.h" 1
 151 0032 F894      		cli
 152               	 ;  0 "" 2
 153               	.LVL12:
 154               	/* #NOAPP */
 155               	.LBE46:
 156               	.LBE45:
 291:Arduino-keyboard.c ****             parserTail = (parserTail + 1) % SERIAL_PARSER_BUFFER_SIZE;
 157               		.loc 1 291 0
 158 0034 E091 0000 		lds r30,parserTail
 159 0038 F0E0      		ldi r31,0
 160 003a E050      		subi r30,lo8(-(parserBuffer))
 161 003c F040      		sbci r31,hi8(-(parserBuffer))
 162 003e 2081      		ld r18,Z
 163               	.LVL13:
 292:Arduino-keyboard.c ****             parserCount--;
 164               		.loc 1 292 0
 165 0040 8091 0000 		lds r24,parserTail
 166 0044 90E0      		ldi r25,0
 167 0046 0196      		adiw r24,1
 168 0048 8F73      		andi r24,63
 169 004a 9927      		clr r25
 170 004c 8093 0000 		sts parserTail,r24
 293:Arduino-keyboard.c ****         }
 171               		.loc 1 293 0
 172 0050 8091 0000 		lds r24,parserCount
 173 0054 8150      		subi r24,lo8(-(-1))
 174 0056 8093 0000 		sts parserCount,r24
 175               	.LVL14:
 176               	.LBB47:
 177               	.LBB48:
  70:/usr/lib/avr/include/util/atomic.h ****     __asm__ volatile ("" ::: "memory");
 178               		.loc 2 70 0
 179 005a 3FBF      		out __SREG__,r19
 180               		.loc 2 71 0
 181               	.LVL15:
 182               	.LBE48:
 183               	.LBE47:
 184               	.LBE44:
 296:Arduino-keyboard.c ****             case STATE_PARSE_HEADER:
 185               		.loc 1 296 0
 186 005c 8091 0000 		lds r24,CurrentParserState
 187 0060 8823      		tst r24
 188 0062 01F0      		breq .L7
 189 0064 8130      		cpi r24,lo8(1)
 190 0066 01F0      		breq .L8
 330:Arduino-keyboard.c ****                 break;
 191               		.loc 1 330 0
 192 0068 1092 0000 		sts CurrentParserState,__zero_reg__
 331:Arduino-keyboard.c ****         }
 193               		.loc 1 331 0
 194 006c 00C0      		rjmp .L5
 195               	.L8:
 307:Arduino-keyboard.c **** 
 196               		.loc 1 307 0
 197 006e E091 0000 		lds r30,PayloadByteIndex
 198 0072 81E0      		ldi r24,lo8(1)
 199 0074 8E0F      		add r24,r30
 200 0076 8093 0000 		sts PayloadByteIndex,r24
 201 007a F0E0      		ldi r31,0
 202 007c E050      		subi r30,lo8(-(CurrentFrameContext))
 203 007e F040      		sbci r31,hi8(-(CurrentFrameContext))
 204 0080 2083      		st Z,r18
 309:Arduino-keyboard.c ****                     if (ActivePacketType == 0x01) {
 205               		.loc 1 309 0
 206 0082 8830      		cpi r24,lo8(8)
 207 0084 00F0      		brlo .L5
 310:Arduino-keyboard.c ****                         KeyboardQueue_Push(&CurrentFrameContext.Keyboard);
 208               		.loc 1 310 0
 209 0086 8091 0000 		lds r24,ActivePacketType
 210 008a 8130      		cpi r24,lo8(1)
 211 008c 01F4      		brne .L12
 212               	.LVL16:
 213               	.LBB49:
 214               	.LBB50:
 240:Arduino-keyboard.c ****     if (nextTail == KeyboardHead) return false;
 215               		.loc 1 240 0
 216 008e 8091 0000 		lds r24,KeyboardTail
 217 0092 90E0      		ldi r25,0
 218 0094 0196      		adiw r24,1
 219 0096 8770      		andi r24,7
 220 0098 9927      		clr r25
 221               	.LVL17:
 241:Arduino-keyboard.c ****     KeyboardQueue[KeyboardTail] = *Report;
 222               		.loc 1 241 0
 223 009a 2091 0000 		lds r18,KeyboardHead
 224               	.LVL18:
 225 009e 2817      		cp r18,r24
 226 00a0 01F0      		breq .L13
 242:Arduino-keyboard.c ****     KeyboardTail = nextTail;
 227               		.loc 1 242 0
 228 00a2 A091 0000 		lds r26,KeyboardTail
 229 00a6 B0E0      		ldi r27,0
 230 00a8 93E0      		ldi r25,3
 231               		1:
 232 00aa AA0F      		lsl r26
 233 00ac BB1F      		rol r27
 234 00ae 9A95      		dec r25
 235 00b0 01F4      		brne 1b
 236 00b2 A050      		subi r26,lo8(-(KeyboardQueue))
 237 00b4 B040      		sbci r27,hi8(-(KeyboardQueue))
 238 00b6 98E0      		ldi r25,lo8(8)
 239 00b8 E0E0      		ldi r30,lo8(CurrentFrameContext)
 240 00ba F0E0      		ldi r31,hi8(CurrentFrameContext)
 241               	.LVL19:
 242               		0:
 243 00bc 0190      		ld r0,Z+
 244 00be 0D92      		st X+,r0
 245 00c0 9A95      		dec r25
 246 00c2 01F4      		brne 0b
 243:Arduino-keyboard.c ****     return true;
 247               		.loc 1 243 0
 248 00c4 8093 0000 		sts KeyboardTail,r24
 249               	.LVL20:
 250               	.L13:
 251               	.LBE50:
 252               	.LBE49:
 323:Arduino-keyboard.c ****                     ActivePacketType   = 0x00;
 253               		.loc 1 323 0
 254 00c8 1092 0000 		sts CurrentParserState,__zero_reg__
 324:Arduino-keyboard.c ****                     PayloadByteIndex   = 0;
 255               		.loc 1 324 0
 256 00cc 1092 0000 		sts ActivePacketType,__zero_reg__
 325:Arduino-keyboard.c ****                 }
 257               		.loc 1 325 0
 258 00d0 1092 0000 		sts PayloadByteIndex,__zero_reg__
 259 00d4 00C0      		rjmp .L5
 260               	.LVL21:
 261               	.L12:
 313:Arduino-keyboard.c ****                         // Extract Media Code mapping
 262               		.loc 1 313 0
 263 00d6 8230      		cpi r24,lo8(2)
 264 00d8 01F4      		brne .L13
 265               	.LBB51:
 315:Arduino-keyboard.c ****                         if (IsMediaUsage(mediaRaw)) {
 266               		.loc 1 315 0
 267 00da E091 0000 		lds r30,CurrentFrameContext
 268               	.LVL22:
 269               	.LBB52:
 270               	.LBB53:
 215:Arduino-keyboard.c ****             (usage == 0xEA) || /* Volume Down */
 271               		.loc 1 215 0
 272 00de 87E1      		ldi r24,lo8(23)
 273 00e0 8E0F      		add r24,r30
 220:Arduino-keyboard.c ****             (usage == 0xB7);    /* Stop */
 274               		.loc 1 220 0
 275 00e2 8230      		cpi r24,lo8(2)
 276 00e4 00F0      		brlo .L21
 216:Arduino-keyboard.c ****             (usage == 0xE2) || /* Mute */
 277               		.loc 1 216 0
 278 00e6 E23E      		cpi r30,lo8(-30)
 279 00e8 01F0      		breq .L21
 220:Arduino-keyboard.c ****             (usage == 0xB7);    /* Stop */
 280               		.loc 1 220 0
 281 00ea 81E0      		ldi r24,lo8(1)
 217:Arduino-keyboard.c ****             (usage == 0xCD) || /* Play/Pause */
 282               		.loc 1 217 0
 283 00ec ED3C      		cpi r30,lo8(-51)
 284 00ee 01F0      		breq .L14
 218:Arduino-keyboard.c ****             (usage == 0xB5) || /* Next Track */
 285               		.loc 1 218 0
 286 00f0 9BE4      		ldi r25,lo8(75)
 287 00f2 9E0F      		add r25,r30
 288 00f4 9330      		cpi r25,lo8(3)
 289 00f6 00F0      		brlo .L14
 290 00f8 80E0      		ldi r24,0
 291               	.L14:
 292               	.LVL23:
 293               	.LBE53:
 294               	.LBE52:
 316:Arduino-keyboard.c ****                             MediaQueue_Push(MapMediaUsage(mediaRaw));
 295               		.loc 1 316 0
 296 00fa 80FF      		sbrs r24,0
 297 00fc 00C0      		rjmp .L16
 298               	.LVL24:
 299 00fe E55B      		subi r30,lo8(-(75))
 300               	.LVL25:
 301 0100 E633      		cpi r30,lo8(54)
 302 0102 00F4      		brsh .L27
 303 0104 F0E0      		ldi r31,0
 304 0106 E050      		subi r30,lo8(-(CSWTCH.44))
 305 0108 F040      		sbci r31,hi8(-(CSWTCH.44))
 306 010a 8081      		ld r24,Z
 307 010c 90E0      		ldi r25,0
 308               	.LVL26:
 309               	.L26:
 319:Arduino-keyboard.c ****                         }
 310               		.loc 1 319 0
 311 010e 0E94 0000 		call MediaQueue_Push
 312               	.LVL27:
 313 0112 00C0      		rjmp .L13
 314               	.LVL28:
 315               	.L21:
 316               	.LBB55:
 317               	.LBB54:
 220:Arduino-keyboard.c ****             (usage == 0xB7);    /* Stop */
 318               		.loc 1 220 0
 319 0114 81E0      		ldi r24,lo8(1)
 320 0116 00C0      		rjmp .L14
 321               	.LVL29:
 322               	.L16:
 323               	.LBE54:
 324               	.LBE55:
 318:Arduino-keyboard.c ****                              MediaQueue_Push(0x0000); 
 325               		.loc 1 318 0
 326 0118 E111      		cpse r30,__zero_reg__
 327 011a 00C0      		rjmp .L13
 328               	.LVL30:
 329               	.L27:
 319:Arduino-keyboard.c ****                         }
 330               		.loc 1 319 0
 331 011c 90E0      		ldi r25,0
 332 011e 80E0      		ldi r24,0
 333 0120 00C0      		rjmp .L26
 334               	.LBE51:
 335               	.LBE64:
 336               		.cfi_endproc
 337               	.LFE97:
 339               		.section	.text.SetupHardware,"ax",@progbits
 340               	.global	SetupHardware
 342               	SetupHardware:
 343               	.LFB99:
 335:Arduino-keyboard.c **** 
 336:Arduino-keyboard.c **** /* ---------------------------------------------------------
 337:Arduino-keyboard.c ****  * Hardware Polling Loops & LUFA Integration
 338:Arduino-keyboard.c ****  * --------------------------------------------------------- */
 339:Arduino-keyboard.c **** int main(void) {
 340:Arduino-keyboard.c ****     SetupHardware();
 341:Arduino-keyboard.c ****     sei();
 342:Arduino-keyboard.c **** 
 343:Arduino-keyboard.c ****     for (;;) {
 344:Arduino-keyboard.c ****         // Execute background serial pipeline parsing continuously
 345:Arduino-keyboard.c ****         ProcessIncomingSerialData();
 346:Arduino-keyboard.c **** 
 347:Arduino-keyboard.c ****         // Service USB Endpoint transactions synchronously
 348:Arduino-keyboard.c ****         HID_Device_USBTask(&HID_KeyboardInterface);
 349:Arduino-keyboard.c ****         HID_Device_USBTask(&HID_MediaInterface);
 350:Arduino-keyboard.c ****         USB_USBTask();
 351:Arduino-keyboard.c ****     }
 352:Arduino-keyboard.c **** }
 353:Arduino-keyboard.c **** 
 354:Arduino-keyboard.c **** void SetupHardware(void)
 355:Arduino-keyboard.c **** {
 344               		.loc 1 355 0
 345               		.cfi_startproc
 346 0000 AF92      		push r10
 347               	.LCFI1:
 348               		.cfi_def_cfa_offset 3
 349               		.cfi_offset 10, -2
 350 0002 BF92      		push r11
 351               	.LCFI2:
 352               		.cfi_def_cfa_offset 4
 353               		.cfi_offset 11, -3
 354 0004 DF92      		push r13
 355               	.LCFI3:
 356               		.cfi_def_cfa_offset 5
 357               		.cfi_offset 13, -4
 358 0006 EF92      		push r14
 359               	.LCFI4:
 360               		.cfi_def_cfa_offset 6
 361               		.cfi_offset 14, -5
 362 0008 FF92      		push r15
 363               	.LCFI5:
 364               		.cfi_def_cfa_offset 7
 365               		.cfi_offset 15, -6
 366 000a 0F93      		push r16
 367               	.LCFI6:
 368               		.cfi_def_cfa_offset 8
 369               		.cfi_offset 16, -7
 370 000c 1F93      		push r17
 371               	.LCFI7:
 372               		.cfi_def_cfa_offset 9
 373               		.cfi_offset 17, -8
 374 000e CF93      		push r28
 375               	.LCFI8:
 376               		.cfi_def_cfa_offset 10
 377               		.cfi_offset 28, -9
 378 0010 DF93      		push r29
 379               	.LCFI9:
 380               		.cfi_def_cfa_offset 11
 381               		.cfi_offset 29, -10
 382               	/* prologue: function */
 383               	/* frame size = 0 */
 384               	/* stack size = 9 */
 385               	.L__stack_usage = 9
 356:Arduino-keyboard.c ****      /* Disable watchdog if enabled by bootloader/fuses */
 357:Arduino-keyboard.c ****      MCUSR &= ~(1 << WDRF);
 386               		.loc 1 357 0
 387 0012 84B7      		in r24,0x34
 388 0014 877F      		andi r24,lo8(-9)
 389 0016 84BF      		out 0x34,r24
 390               	.LBB69:
 391               	.LBB70:
 392               		.file 3 "/usr/lib/avr/include/avr/wdt.h"
   1:/usr/lib/avr/include/avr/wdt.h **** /* Copyright (c) 2002, 2004 Marek Michalkiewicz
   2:/usr/lib/avr/include/avr/wdt.h ****    Copyright (c) 2005, 2006, 2007 Eric B. Weddington
   3:/usr/lib/avr/include/avr/wdt.h ****    All rights reserved.
   4:/usr/lib/avr/include/avr/wdt.h **** 
   5:/usr/lib/avr/include/avr/wdt.h ****    Redistribution and use in source and binary forms, with or without
   6:/usr/lib/avr/include/avr/wdt.h ****    modification, are permitted provided that the following conditions are met:
   7:/usr/lib/avr/include/avr/wdt.h **** 
   8:/usr/lib/avr/include/avr/wdt.h ****    * Redistributions of source code must retain the above copyright
   9:/usr/lib/avr/include/avr/wdt.h ****      notice, this list of conditions and the following disclaimer.
  10:/usr/lib/avr/include/avr/wdt.h **** 
  11:/usr/lib/avr/include/avr/wdt.h ****    * Redistributions in binary form must reproduce the above copyright
  12:/usr/lib/avr/include/avr/wdt.h ****      notice, this list of conditions and the following disclaimer in
  13:/usr/lib/avr/include/avr/wdt.h ****      the documentation and/or other materials provided with the
  14:/usr/lib/avr/include/avr/wdt.h ****      distribution.
  15:/usr/lib/avr/include/avr/wdt.h **** 
  16:/usr/lib/avr/include/avr/wdt.h ****    * Neither the name of the copyright holders nor the names of
  17:/usr/lib/avr/include/avr/wdt.h ****      contributors may be used to endorse or promote products derived
  18:/usr/lib/avr/include/avr/wdt.h ****      from this software without specific prior written permission.
  19:/usr/lib/avr/include/avr/wdt.h **** 
  20:/usr/lib/avr/include/avr/wdt.h ****   THIS SOFTWARE IS PROVIDED BY THE COPYRIGHT HOLDERS AND CONTRIBUTORS "AS IS"
  21:/usr/lib/avr/include/avr/wdt.h ****   AND ANY EXPRESS OR IMPLIED WARRANTIES, INCLUDING, BUT NOT LIMITED TO, THE
  22:/usr/lib/avr/include/avr/wdt.h ****   IMPLIED WARRANTIES OF MERCHANTABILITY AND FITNESS FOR A PARTICULAR PURPOSE
  23:/usr/lib/avr/include/avr/wdt.h ****   ARE DISCLAIMED. IN NO EVENT SHALL THE COPYRIGHT OWNER OR CONTRIBUTORS BE
  24:/usr/lib/avr/include/avr/wdt.h ****   LIABLE FOR ANY DIRECT, INDIRECT, INCIDENTAL, SPECIAL, EXEMPLARY, OR
  25:/usr/lib/avr/include/avr/wdt.h ****   CONSEQUENTIAL DAMAGES (INCLUDING, BUT NOT LIMITED TO, PROCUREMENT OF
  26:/usr/lib/avr/include/avr/wdt.h ****   SUBSTITUTE GOODS OR SERVICES; LOSS OF USE, DATA, OR PROFITS; OR BUSINESS
  27:/usr/lib/avr/include/avr/wdt.h ****   INTERRUPTION) HOWEVER CAUSED AND ON ANY THEORY OF LIABILITY, WHETHER IN
  28:/usr/lib/avr/include/avr/wdt.h ****   CONTRACT, STRICT LIABILITY, OR TORT (INCLUDING NEGLIGENCE OR OTHERWISE)
  29:/usr/lib/avr/include/avr/wdt.h ****   ARISING IN ANY WAY OUT OF THE USE OF THIS SOFTWARE, EVEN IF ADVISED OF THE
  30:/usr/lib/avr/include/avr/wdt.h ****   POSSIBILITY OF SUCH DAMAGE. */
  31:/usr/lib/avr/include/avr/wdt.h **** 
  32:/usr/lib/avr/include/avr/wdt.h **** /* $Id$ */
  33:/usr/lib/avr/include/avr/wdt.h **** 
  34:/usr/lib/avr/include/avr/wdt.h **** /*
  35:/usr/lib/avr/include/avr/wdt.h ****    avr/wdt.h - macros for AVR watchdog timer
  36:/usr/lib/avr/include/avr/wdt.h ****  */
  37:/usr/lib/avr/include/avr/wdt.h **** 
  38:/usr/lib/avr/include/avr/wdt.h **** #ifndef _AVR_WDT_H_
  39:/usr/lib/avr/include/avr/wdt.h **** #define _AVR_WDT_H_
  40:/usr/lib/avr/include/avr/wdt.h **** 
  41:/usr/lib/avr/include/avr/wdt.h **** #include <avr/io.h>
  42:/usr/lib/avr/include/avr/wdt.h **** #include <stdint.h>
  43:/usr/lib/avr/include/avr/wdt.h **** 
  44:/usr/lib/avr/include/avr/wdt.h **** /** \file */
  45:/usr/lib/avr/include/avr/wdt.h **** /** \defgroup avr_watchdog <avr/wdt.h>: Watchdog timer handling
  46:/usr/lib/avr/include/avr/wdt.h ****     \code #include <avr/wdt.h> \endcode
  47:/usr/lib/avr/include/avr/wdt.h **** 
  48:/usr/lib/avr/include/avr/wdt.h ****     This header file declares the interface to some inline macros
  49:/usr/lib/avr/include/avr/wdt.h ****     handling the watchdog timer present in many AVR devices.  In order
  50:/usr/lib/avr/include/avr/wdt.h ****     to prevent the watchdog timer configuration from being
  51:/usr/lib/avr/include/avr/wdt.h ****     accidentally altered by a crashing application, a special timed
  52:/usr/lib/avr/include/avr/wdt.h ****     sequence is required in order to change it.  The macros within
  53:/usr/lib/avr/include/avr/wdt.h ****     this header file handle the required sequence automatically
  54:/usr/lib/avr/include/avr/wdt.h ****     before changing any value.  Interrupts will be disabled during
  55:/usr/lib/avr/include/avr/wdt.h ****     the manipulation.
  56:/usr/lib/avr/include/avr/wdt.h **** 
  57:/usr/lib/avr/include/avr/wdt.h ****     \note Depending on the fuse configuration of the particular
  58:/usr/lib/avr/include/avr/wdt.h ****     device, further restrictions might apply, in particular it might
  59:/usr/lib/avr/include/avr/wdt.h ****     be disallowed to turn off the watchdog timer.
  60:/usr/lib/avr/include/avr/wdt.h **** 
  61:/usr/lib/avr/include/avr/wdt.h ****     Note that for newer devices (ATmega88 and newer, effectively any
  62:/usr/lib/avr/include/avr/wdt.h ****     AVR that has the option to also generate interrupts), the watchdog
  63:/usr/lib/avr/include/avr/wdt.h ****     timer remains active even after a system reset (except a power-on
  64:/usr/lib/avr/include/avr/wdt.h ****     condition), using the fastest prescaler value (approximately 15
  65:/usr/lib/avr/include/avr/wdt.h ****     ms).  It is therefore required to turn off the watchdog early
  66:/usr/lib/avr/include/avr/wdt.h ****     during program startup, the datasheet recommends a sequence like
  67:/usr/lib/avr/include/avr/wdt.h ****     the following:
  68:/usr/lib/avr/include/avr/wdt.h **** 
  69:/usr/lib/avr/include/avr/wdt.h ****     \code
  70:/usr/lib/avr/include/avr/wdt.h ****     #include <stdint.h>
  71:/usr/lib/avr/include/avr/wdt.h ****     #include <avr/wdt.h>
  72:/usr/lib/avr/include/avr/wdt.h **** 
  73:/usr/lib/avr/include/avr/wdt.h ****     uint8_t mcusr_mirror __attribute__ ((section (".noinit")));
  74:/usr/lib/avr/include/avr/wdt.h **** 
  75:/usr/lib/avr/include/avr/wdt.h ****     void get_mcusr(void) \
  76:/usr/lib/avr/include/avr/wdt.h ****       __attribute__((naked)) \
  77:/usr/lib/avr/include/avr/wdt.h ****       __attribute__((section(".init3")));
  78:/usr/lib/avr/include/avr/wdt.h ****     void get_mcusr(void)
  79:/usr/lib/avr/include/avr/wdt.h ****     {
  80:/usr/lib/avr/include/avr/wdt.h ****       mcusr_mirror = MCUSR;
  81:/usr/lib/avr/include/avr/wdt.h ****       MCUSR = 0;
  82:/usr/lib/avr/include/avr/wdt.h ****       wdt_disable();
  83:/usr/lib/avr/include/avr/wdt.h ****     }
  84:/usr/lib/avr/include/avr/wdt.h ****     \endcode
  85:/usr/lib/avr/include/avr/wdt.h **** 
  86:/usr/lib/avr/include/avr/wdt.h ****     Saving the value of MCUSR in \c mcusr_mirror is only needed if the
  87:/usr/lib/avr/include/avr/wdt.h ****     application later wants to examine the reset source, but in particular, 
  88:/usr/lib/avr/include/avr/wdt.h ****     clearing the watchdog reset flag before disabling the
  89:/usr/lib/avr/include/avr/wdt.h ****     watchdog is required, according to the datasheet.
  90:/usr/lib/avr/include/avr/wdt.h **** */
  91:/usr/lib/avr/include/avr/wdt.h **** 
  92:/usr/lib/avr/include/avr/wdt.h **** /**
  93:/usr/lib/avr/include/avr/wdt.h ****    \ingroup avr_watchdog
  94:/usr/lib/avr/include/avr/wdt.h ****    Reset the watchdog timer.  When the watchdog timer is enabled,
  95:/usr/lib/avr/include/avr/wdt.h ****    a call to this instruction is required before the timer expires,
  96:/usr/lib/avr/include/avr/wdt.h ****    otherwise a watchdog-initiated device reset will occur. 
  97:/usr/lib/avr/include/avr/wdt.h **** */
  98:/usr/lib/avr/include/avr/wdt.h **** 
  99:/usr/lib/avr/include/avr/wdt.h **** #define wdt_reset() __asm__ __volatile__ ("wdr")
 100:/usr/lib/avr/include/avr/wdt.h **** 
 101:/usr/lib/avr/include/avr/wdt.h **** #ifndef __DOXYGEN__
 102:/usr/lib/avr/include/avr/wdt.h **** 
 103:/usr/lib/avr/include/avr/wdt.h **** #if defined(WDP3)
 104:/usr/lib/avr/include/avr/wdt.h **** # define _WD_PS3_MASK       _BV(WDP3)
 105:/usr/lib/avr/include/avr/wdt.h **** #else
 106:/usr/lib/avr/include/avr/wdt.h **** # define _WD_PS3_MASK       0x00
 107:/usr/lib/avr/include/avr/wdt.h **** #endif
 108:/usr/lib/avr/include/avr/wdt.h **** 
 109:/usr/lib/avr/include/avr/wdt.h **** #if defined(WDTCSR)
 110:/usr/lib/avr/include/avr/wdt.h **** #  define _WD_CONTROL_REG     WDTCSR
 111:/usr/lib/avr/include/avr/wdt.h **** #elif defined(WDTCR)
 112:/usr/lib/avr/include/avr/wdt.h **** #  define _WD_CONTROL_REG     WDTCR
 113:/usr/lib/avr/include/avr/wdt.h **** #else
 114:/usr/lib/avr/include/avr/wdt.h **** #  define _WD_CONTROL_REG     WDT
 115:/usr/lib/avr/include/avr/wdt.h **** #endif
 116:/usr/lib/avr/include/avr/wdt.h **** 
 117:/usr/lib/avr/include/avr/wdt.h **** #if defined(WDTOE)
 118:/usr/lib/avr/include/avr/wdt.h **** #define _WD_CHANGE_BIT      WDTOE
 119:/usr/lib/avr/include/avr/wdt.h **** #else
 120:/usr/lib/avr/include/avr/wdt.h **** #define _WD_CHANGE_BIT      WDCE
 121:/usr/lib/avr/include/avr/wdt.h **** #endif
 122:/usr/lib/avr/include/avr/wdt.h **** 
 123:/usr/lib/avr/include/avr/wdt.h **** #endif	/* !__DOXYGEN__ */
 124:/usr/lib/avr/include/avr/wdt.h **** 
 125:/usr/lib/avr/include/avr/wdt.h **** 
 126:/usr/lib/avr/include/avr/wdt.h **** /**
 127:/usr/lib/avr/include/avr/wdt.h ****    \ingroup avr_watchdog
 128:/usr/lib/avr/include/avr/wdt.h ****    Enable the watchdog timer, configuring it for expiry after
 129:/usr/lib/avr/include/avr/wdt.h ****    \c timeout (which is a combination of the \c WDP0 through
 130:/usr/lib/avr/include/avr/wdt.h ****    \c WDP2 bits to write into the \c WDTCR register; For those devices 
 131:/usr/lib/avr/include/avr/wdt.h ****    that have a \c WDTCSR register, it uses the combination of the \c WDP0 
 132:/usr/lib/avr/include/avr/wdt.h ****    through \c WDP3 bits).
 133:/usr/lib/avr/include/avr/wdt.h **** 
 134:/usr/lib/avr/include/avr/wdt.h ****    See also the symbolic constants \c WDTO_15MS et al.
 135:/usr/lib/avr/include/avr/wdt.h **** */
 136:/usr/lib/avr/include/avr/wdt.h **** 
 137:/usr/lib/avr/include/avr/wdt.h **** 
 138:/usr/lib/avr/include/avr/wdt.h **** #if defined(__AVR_XMEGA__)
 139:/usr/lib/avr/include/avr/wdt.h **** 
 140:/usr/lib/avr/include/avr/wdt.h **** #if defined (WDT_CTRLA) && !defined(RAMPD)
 141:/usr/lib/avr/include/avr/wdt.h **** 
 142:/usr/lib/avr/include/avr/wdt.h **** #define wdt_enable(timeout) \
 143:/usr/lib/avr/include/avr/wdt.h **** do { \
 144:/usr/lib/avr/include/avr/wdt.h **** uint8_t temp; \
 145:/usr/lib/avr/include/avr/wdt.h **** __asm__ __volatile__ ( \
 146:/usr/lib/avr/include/avr/wdt.h **** 	"wdr"									"\n\t" \
 147:/usr/lib/avr/include/avr/wdt.h **** 	"out %[ccp_reg], %[ioreg_cen_mask]"		"\n\t" \
 148:/usr/lib/avr/include/avr/wdt.h **** 	"lds %[tmp], %[wdt_reg]"				"\n\t" \
 149:/usr/lib/avr/include/avr/wdt.h **** 	"sbr %[tmp], %[wdt_enable_timeout]"		"\n\t" \
 150:/usr/lib/avr/include/avr/wdt.h **** 	"sts %[wdt_reg], %[tmp]"				"\n\t" \
 151:/usr/lib/avr/include/avr/wdt.h **** 	"1:lds %[tmp], %[wdt_status_reg]"		"\n\t" \
 152:/usr/lib/avr/include/avr/wdt.h **** 	"sbrc %[tmp], %[wdt_syncbusy_bit]"		"\n\t" \
 153:/usr/lib/avr/include/avr/wdt.h **** 	"rjmp 1b"								"\n\t" \
 154:/usr/lib/avr/include/avr/wdt.h **** 	: [tmp]					"=r" (temp) \
 155:/usr/lib/avr/include/avr/wdt.h **** 	: [ccp_reg]				"I"  (_SFR_IO_ADDR(CCP)), \
 156:/usr/lib/avr/include/avr/wdt.h **** 	  [ioreg_cen_mask]		"r"  ((uint8_t)CCP_IOREG_gc), \
 157:/usr/lib/avr/include/avr/wdt.h **** 	  [wdt_reg]				"n"  (_SFR_MEM_ADDR(WDT_CTRLA)), \
 158:/usr/lib/avr/include/avr/wdt.h **** 	  [wdt_enable_timeout]	"M"  (timeout), \
 159:/usr/lib/avr/include/avr/wdt.h **** 	  [wdt_status_reg]		"n"  (_SFR_MEM_ADDR(WDT_STATUS)), \
 160:/usr/lib/avr/include/avr/wdt.h **** 	  [wdt_syncbusy_bit]	"I"  (WDT_SYNCBUSY_bm) \
 161:/usr/lib/avr/include/avr/wdt.h **** ); \
 162:/usr/lib/avr/include/avr/wdt.h **** } while(0)
 163:/usr/lib/avr/include/avr/wdt.h **** 
 164:/usr/lib/avr/include/avr/wdt.h **** #define wdt_disable() \
 165:/usr/lib/avr/include/avr/wdt.h **** do { \
 166:/usr/lib/avr/include/avr/wdt.h **** uint8_t temp; \
 167:/usr/lib/avr/include/avr/wdt.h **** __asm__ __volatile__ (  \
 168:/usr/lib/avr/include/avr/wdt.h **** 	"wdr"								"\n\t" \
 169:/usr/lib/avr/include/avr/wdt.h **** 	"out %[ccp_reg], %[ioreg_cen_mask]" "\n\t" \
 170:/usr/lib/avr/include/avr/wdt.h **** 	"lds %[tmp], %[wdt_reg]"			"\n\t" \
 171:/usr/lib/avr/include/avr/wdt.h **** 	"cbr %[tmp], %[timeout_mask]"       "\n\t" \
 172:/usr/lib/avr/include/avr/wdt.h **** 	"sts %[wdt_reg], %[tmp]"			"\n\t" \
 173:/usr/lib/avr/include/avr/wdt.h ****     : [tmp]            "=r" (temp) \
 174:/usr/lib/avr/include/avr/wdt.h ****     : [ccp_reg]        "I" (_SFR_IO_ADDR(CCP)),       \
 175:/usr/lib/avr/include/avr/wdt.h ****       [ioreg_cen_mask] "r" ((uint8_t)CCP_IOREG_gc),   \
 176:/usr/lib/avr/include/avr/wdt.h ****       [wdt_reg]        "n" (_SFR_MEM_ADDR(WDT_CTRLA)),\
 177:/usr/lib/avr/include/avr/wdt.h ****       [timeout_mask]   "I" (WDT_PERIOD_gm) \
 178:/usr/lib/avr/include/avr/wdt.h **** ); \
 179:/usr/lib/avr/include/avr/wdt.h **** } while(0)
 180:/usr/lib/avr/include/avr/wdt.h **** 
 181:/usr/lib/avr/include/avr/wdt.h **** #else // defined (WDT_CTRLA) && !defined(RAMPD)
 182:/usr/lib/avr/include/avr/wdt.h **** 
 183:/usr/lib/avr/include/avr/wdt.h **** /*
 184:/usr/lib/avr/include/avr/wdt.h ****    wdt_enable(timeout) for xmega devices
 185:/usr/lib/avr/include/avr/wdt.h **** ** write signature (CCP_IOREG_gc) that enables change of protected I/O
 186:/usr/lib/avr/include/avr/wdt.h ****    registers to the CCP register
 187:/usr/lib/avr/include/avr/wdt.h **** ** At the same time,
 188:/usr/lib/avr/include/avr/wdt.h ****    1) set WDT change enable (WDT_CEN_bm)
 189:/usr/lib/avr/include/avr/wdt.h ****    2) enable WDT (WDT_ENABLE_bm)
 190:/usr/lib/avr/include/avr/wdt.h ****    3) set timeout (timeout)
 191:/usr/lib/avr/include/avr/wdt.h **** ** Synchronization starts when ENABLE bit of WDT is set. So, wait till it
 192:/usr/lib/avr/include/avr/wdt.h ****    finishes (SYNCBUSY of STATUS register is automatically cleared after the
 193:/usr/lib/avr/include/avr/wdt.h ****    sync is finished).
 194:/usr/lib/avr/include/avr/wdt.h **** */
 195:/usr/lib/avr/include/avr/wdt.h **** #define wdt_enable(timeout) \
 196:/usr/lib/avr/include/avr/wdt.h **** do { \
 197:/usr/lib/avr/include/avr/wdt.h **** uint8_t temp; \
 198:/usr/lib/avr/include/avr/wdt.h **** __asm__ __volatile__ (         \
 199:/usr/lib/avr/include/avr/wdt.h ****     "in __tmp_reg__, %[rampd]"              "\n\t" \
 200:/usr/lib/avr/include/avr/wdt.h ****     "out %[rampd], __zero_reg__"            "\n\t" \
 201:/usr/lib/avr/include/avr/wdt.h ****     "out %[ccp_reg], %[ioreg_cen_mask]"     "\n\t" \
 202:/usr/lib/avr/include/avr/wdt.h ****     "sts %[wdt_reg], %[wdt_enable_timeout]" "\n\t" \
 203:/usr/lib/avr/include/avr/wdt.h ****     "1:lds %[tmp], %[wdt_status_reg]"       "\n\t" \
 204:/usr/lib/avr/include/avr/wdt.h ****     "sbrc %[tmp], %[wdt_syncbusy_bit]"      "\n\t" \
 205:/usr/lib/avr/include/avr/wdt.h ****     "rjmp 1b"                               "\n\t" \
 206:/usr/lib/avr/include/avr/wdt.h ****     "out %[rampd], __tmp_reg__"             "\n\t" \
 207:/usr/lib/avr/include/avr/wdt.h ****     : [tmp]                "=r" (temp) \
 208:/usr/lib/avr/include/avr/wdt.h ****     : [rampd]              "I" (_SFR_IO_ADDR(RAMPD)),      \
 209:/usr/lib/avr/include/avr/wdt.h ****       [ccp_reg]            "I" (_SFR_IO_ADDR(CCP)),        \
 210:/usr/lib/avr/include/avr/wdt.h ****       [ioreg_cen_mask]     "r" ((uint8_t)CCP_IOREG_gc),     \
 211:/usr/lib/avr/include/avr/wdt.h ****       [wdt_reg]            "n" (_SFR_MEM_ADDR(WDT_CTRL)),   \
 212:/usr/lib/avr/include/avr/wdt.h ****       [wdt_enable_timeout] "r" ((uint8_t)(WDT_CEN_bm | WDT_ENABLE_bm | timeout)), \
 213:/usr/lib/avr/include/avr/wdt.h ****       [wdt_status_reg]     "n" (_SFR_MEM_ADDR(WDT_STATUS)), \
 214:/usr/lib/avr/include/avr/wdt.h ****       [wdt_syncbusy_bit]   "I" (WDT_SYNCBUSY_bm)            \
 215:/usr/lib/avr/include/avr/wdt.h ****     : "r0" \
 216:/usr/lib/avr/include/avr/wdt.h **** ); \
 217:/usr/lib/avr/include/avr/wdt.h **** } while(0)
 218:/usr/lib/avr/include/avr/wdt.h **** 
 219:/usr/lib/avr/include/avr/wdt.h **** #define wdt_disable() \
 220:/usr/lib/avr/include/avr/wdt.h **** __asm__ __volatile__ (  \
 221:/usr/lib/avr/include/avr/wdt.h ****     "in __tmp_reg__, %[rampd]"          "\n\t" \
 222:/usr/lib/avr/include/avr/wdt.h ****     "out %[rampd], __zero_reg__"        "\n\t" \
 223:/usr/lib/avr/include/avr/wdt.h ****     "out %[ccp_reg], %[ioreg_cen_mask]" "\n\t" \
 224:/usr/lib/avr/include/avr/wdt.h ****     "sts %[wdt_reg], %[disable_mask]"   "\n\t" \
 225:/usr/lib/avr/include/avr/wdt.h ****     "out %[rampd], __tmp_reg__"         "\n\t" \
 226:/usr/lib/avr/include/avr/wdt.h ****     : \
 227:/usr/lib/avr/include/avr/wdt.h ****     : [rampd]             "I" (_SFR_IO_ADDR(RAMPD)),    \
 228:/usr/lib/avr/include/avr/wdt.h ****       [ccp_reg]           "I" (_SFR_IO_ADDR(CCP)),      \
 229:/usr/lib/avr/include/avr/wdt.h ****       [ioreg_cen_mask]    "r" ((uint8_t)CCP_IOREG_gc),   \
 230:/usr/lib/avr/include/avr/wdt.h ****       [wdt_reg]           "n" (_SFR_MEM_ADDR(WDT_CTRL)), \
 231:/usr/lib/avr/include/avr/wdt.h ****       [disable_mask]      "r" ((uint8_t)((~WDT_ENABLE_bm) | WDT_CEN_bm)) \
 232:/usr/lib/avr/include/avr/wdt.h ****     : "r0" \
 233:/usr/lib/avr/include/avr/wdt.h **** );
 234:/usr/lib/avr/include/avr/wdt.h **** 
 235:/usr/lib/avr/include/avr/wdt.h **** #endif // defined (WDT_CTRLA) && !defined(RAMPD)
 236:/usr/lib/avr/include/avr/wdt.h **** 
 237:/usr/lib/avr/include/avr/wdt.h **** #elif defined(__AVR_TINY__)
 238:/usr/lib/avr/include/avr/wdt.h **** 
 239:/usr/lib/avr/include/avr/wdt.h **** #define wdt_enable(value) \
 240:/usr/lib/avr/include/avr/wdt.h **** __asm__ __volatile__ ( \
 241:/usr/lib/avr/include/avr/wdt.h ****     "in __tmp_reg__,__SREG__" "\n\t"  \
 242:/usr/lib/avr/include/avr/wdt.h ****     "cli" "\n\t"  \
 243:/usr/lib/avr/include/avr/wdt.h ****     "wdr" "\n\t"  \
 244:/usr/lib/avr/include/avr/wdt.h ****     "out %[CCPADDRESS],%[SIGNATURE]" "\n\t"  \
 245:/usr/lib/avr/include/avr/wdt.h ****     "out %[WDTREG],%[WDVALUE]" "\n\t"  \
 246:/usr/lib/avr/include/avr/wdt.h ****     "out __SREG__,__tmp_reg__" "\n\t"  \
 247:/usr/lib/avr/include/avr/wdt.h ****     : /* no outputs */  \
 248:/usr/lib/avr/include/avr/wdt.h ****     : [CCPADDRESS] "I" (_SFR_IO_ADDR(CCP)),  \
 249:/usr/lib/avr/include/avr/wdt.h ****       [SIGNATURE] "r" ((uint8_t)0xD8), \
 250:/usr/lib/avr/include/avr/wdt.h ****       [WDTREG] "I" (_SFR_IO_ADDR(_WD_CONTROL_REG)), \
 251:/usr/lib/avr/include/avr/wdt.h ****       [WDVALUE] "r" ((uint8_t)((value & 0x08 ? _WD_PS3_MASK : 0x00) \
 252:/usr/lib/avr/include/avr/wdt.h ****       | _BV(WDE) | (value & 0x07) )) \
 253:/usr/lib/avr/include/avr/wdt.h ****     : "r16" \
 254:/usr/lib/avr/include/avr/wdt.h **** )
 255:/usr/lib/avr/include/avr/wdt.h **** 
 256:/usr/lib/avr/include/avr/wdt.h **** #define wdt_disable() \
 257:/usr/lib/avr/include/avr/wdt.h **** do { \
 258:/usr/lib/avr/include/avr/wdt.h **** uint8_t temp_wd; \
 259:/usr/lib/avr/include/avr/wdt.h **** __asm__ __volatile__ ( \
 260:/usr/lib/avr/include/avr/wdt.h ****     "in __tmp_reg__,__SREG__" "\n\t"  \
 261:/usr/lib/avr/include/avr/wdt.h ****     "cli" "\n\t"  \
 262:/usr/lib/avr/include/avr/wdt.h ****     "wdr" "\n\t"  \
 263:/usr/lib/avr/include/avr/wdt.h ****     "out %[CCPADDRESS],%[SIGNATURE]" "\n\t"  \
 264:/usr/lib/avr/include/avr/wdt.h ****     "in  %[TEMP_WD],%[WDTREG]" "\n\t" \
 265:/usr/lib/avr/include/avr/wdt.h ****     "cbr %[TEMP_WD],%[WDVALUE]" "\n\t" \
 266:/usr/lib/avr/include/avr/wdt.h ****     "out %[WDTREG],%[TEMP_WD]" "\n\t" \
 267:/usr/lib/avr/include/avr/wdt.h ****     "out __SREG__,__tmp_reg__" "\n\t" \
 268:/usr/lib/avr/include/avr/wdt.h ****     : /*no output */ \
 269:/usr/lib/avr/include/avr/wdt.h ****     : [CCPADDRESS] "I" (_SFR_IO_ADDR(CCP)), \
 270:/usr/lib/avr/include/avr/wdt.h ****       [SIGNATURE] "r" ((uint8_t)0xD8), \
 271:/usr/lib/avr/include/avr/wdt.h ****       [WDTREG] "I" (_SFR_IO_ADDR(_WD_CONTROL_REG)), \
 272:/usr/lib/avr/include/avr/wdt.h ****       [TEMP_WD] "d" (temp_wd), \
 273:/usr/lib/avr/include/avr/wdt.h ****       [WDVALUE] "n" (1 << WDE) \
 274:/usr/lib/avr/include/avr/wdt.h ****     : "r16" \
 275:/usr/lib/avr/include/avr/wdt.h **** ); \
 276:/usr/lib/avr/include/avr/wdt.h **** }while(0)
 277:/usr/lib/avr/include/avr/wdt.h **** 
 278:/usr/lib/avr/include/avr/wdt.h **** #elif defined(CCP)
 279:/usr/lib/avr/include/avr/wdt.h **** 
 280:/usr/lib/avr/include/avr/wdt.h **** static __inline__
 281:/usr/lib/avr/include/avr/wdt.h **** __attribute__ ((__always_inline__))
 282:/usr/lib/avr/include/avr/wdt.h **** void wdt_enable (const uint8_t value)
 283:/usr/lib/avr/include/avr/wdt.h **** {
 284:/usr/lib/avr/include/avr/wdt.h **** 	if (!_SFR_IO_REG_P (CCP) && !_SFR_IO_REG_P (_WD_CONTROL_REG))
 285:/usr/lib/avr/include/avr/wdt.h **** 	{
 286:/usr/lib/avr/include/avr/wdt.h **** 		__asm__ __volatile__ (
 287:/usr/lib/avr/include/avr/wdt.h **** 			"in __tmp_reg__,__SREG__" "\n\t"
 288:/usr/lib/avr/include/avr/wdt.h **** 			"cli" "\n\t"
 289:/usr/lib/avr/include/avr/wdt.h **** 			"wdr" "\n\t"
 290:/usr/lib/avr/include/avr/wdt.h **** 			"sts %[CCPADDRESS],%[SIGNATURE]" "\n\t"
 291:/usr/lib/avr/include/avr/wdt.h **** 			"sts %[WDTREG],%[WDVALUE]" "\n\t"
 292:/usr/lib/avr/include/avr/wdt.h **** 			"out __SREG__,__tmp_reg__" "\n\t"
 293:/usr/lib/avr/include/avr/wdt.h **** 			: /* no outputs */
 294:/usr/lib/avr/include/avr/wdt.h **** 			: [CCPADDRESS] "n" (_SFR_MEM_ADDR(CCP)),
 295:/usr/lib/avr/include/avr/wdt.h **** 			[SIGNATURE] "r" ((uint8_t)0xD8),
 296:/usr/lib/avr/include/avr/wdt.h **** 			[WDTREG] "n" (_SFR_MEM_ADDR(_WD_CONTROL_REG)),
 297:/usr/lib/avr/include/avr/wdt.h **** 			[WDVALUE] "r" ((uint8_t)((value & 0x08 ? _WD_PS3_MASK : 0x00)
 298:/usr/lib/avr/include/avr/wdt.h **** 				| _BV(WDE) | (value & 0x07) ))
 299:/usr/lib/avr/include/avr/wdt.h **** 			: "r0"
 300:/usr/lib/avr/include/avr/wdt.h **** 			);
 301:/usr/lib/avr/include/avr/wdt.h **** 	}
 302:/usr/lib/avr/include/avr/wdt.h **** 	else if (!_SFR_IO_REG_P (CCP) && _SFR_IO_REG_P (_WD_CONTROL_REG))
 303:/usr/lib/avr/include/avr/wdt.h **** 	{
 304:/usr/lib/avr/include/avr/wdt.h **** 		__asm__ __volatile__ (
 305:/usr/lib/avr/include/avr/wdt.h **** 			"in __tmp_reg__,__SREG__" "\n\t"
 306:/usr/lib/avr/include/avr/wdt.h **** 			"cli" "\n\t"
 307:/usr/lib/avr/include/avr/wdt.h **** 			"wdr" "\n\t"
 308:/usr/lib/avr/include/avr/wdt.h **** 			"sts %[CCPADDRESS],%[SIGNATURE]" "\n\t"
 309:/usr/lib/avr/include/avr/wdt.h **** 			"out %[WDTREG],%[WDVALUE]" "\n\t"
 310:/usr/lib/avr/include/avr/wdt.h **** 			"out __SREG__,__tmp_reg__" "\n\t"
 311:/usr/lib/avr/include/avr/wdt.h **** 			: /* no outputs */
 312:/usr/lib/avr/include/avr/wdt.h **** 			: [CCPADDRESS] "n" (_SFR_MEM_ADDR(CCP)),
 313:/usr/lib/avr/include/avr/wdt.h **** 			[SIGNATURE] "r" ((uint8_t)0xD8),
 314:/usr/lib/avr/include/avr/wdt.h **** 			[WDTREG] "I" (_SFR_IO_ADDR(_WD_CONTROL_REG)),
 315:/usr/lib/avr/include/avr/wdt.h **** 			[WDVALUE] "r" ((uint8_t)((value & 0x08 ? _WD_PS3_MASK : 0x00)
 316:/usr/lib/avr/include/avr/wdt.h **** 				| _BV(WDE) | (value & 0x07) ))
 317:/usr/lib/avr/include/avr/wdt.h **** 			: "r0"
 318:/usr/lib/avr/include/avr/wdt.h **** 			);
 319:/usr/lib/avr/include/avr/wdt.h **** 	}
 320:/usr/lib/avr/include/avr/wdt.h **** 	else if (_SFR_IO_REG_P (CCP) && !_SFR_IO_REG_P (_WD_CONTROL_REG))
 321:/usr/lib/avr/include/avr/wdt.h **** 	{
 322:/usr/lib/avr/include/avr/wdt.h **** 		__asm__ __volatile__ (
 323:/usr/lib/avr/include/avr/wdt.h **** 			"in __tmp_reg__,__SREG__" "\n\t"
 324:/usr/lib/avr/include/avr/wdt.h **** 			"cli" "\n\t"
 325:/usr/lib/avr/include/avr/wdt.h **** 			"wdr" "\n\t"
 326:/usr/lib/avr/include/avr/wdt.h **** 			"out %[CCPADDRESS],%[SIGNATURE]" "\n\t"
 327:/usr/lib/avr/include/avr/wdt.h **** 			"sts %[WDTREG],%[WDVALUE]" "\n\t"
 328:/usr/lib/avr/include/avr/wdt.h **** 			"out __SREG__,__tmp_reg__" "\n\t"
 329:/usr/lib/avr/include/avr/wdt.h **** 			: /* no outputs */
 330:/usr/lib/avr/include/avr/wdt.h **** 			: [CCPADDRESS] "I" (_SFR_IO_ADDR(CCP)),
 331:/usr/lib/avr/include/avr/wdt.h **** 			[SIGNATURE] "r" ((uint8_t)0xD8),
 332:/usr/lib/avr/include/avr/wdt.h **** 			[WDTREG] "n" (_SFR_MEM_ADDR(_WD_CONTROL_REG)),
 333:/usr/lib/avr/include/avr/wdt.h **** 			[WDVALUE] "r" ((uint8_t)((value & 0x08 ? _WD_PS3_MASK : 0x00)
 334:/usr/lib/avr/include/avr/wdt.h **** 				| _BV(WDE) | (value & 0x07) ))
 335:/usr/lib/avr/include/avr/wdt.h **** 			: "r0"
 336:/usr/lib/avr/include/avr/wdt.h **** 			);
 337:/usr/lib/avr/include/avr/wdt.h **** 	}
 338:/usr/lib/avr/include/avr/wdt.h **** 	else
 339:/usr/lib/avr/include/avr/wdt.h ****  	{
 340:/usr/lib/avr/include/avr/wdt.h **** 		__asm__ __volatile__ (
 341:/usr/lib/avr/include/avr/wdt.h **** 			"in __tmp_reg__,__SREG__" "\n\t"
 342:/usr/lib/avr/include/avr/wdt.h **** 			"cli" "\n\t"
 343:/usr/lib/avr/include/avr/wdt.h **** 			"wdr" "\n\t"
 344:/usr/lib/avr/include/avr/wdt.h **** 			"out %[CCPADDRESS],%[SIGNATURE]" "\n\t"
 345:/usr/lib/avr/include/avr/wdt.h **** 			"out %[WDTREG],%[WDVALUE]" "\n\t"
 346:/usr/lib/avr/include/avr/wdt.h **** 			"out __SREG__,__tmp_reg__" "\n\t"
 347:/usr/lib/avr/include/avr/wdt.h **** 			: /* no outputs */
 348:/usr/lib/avr/include/avr/wdt.h **** 			: [CCPADDRESS] "I" (_SFR_IO_ADDR(CCP)),
 349:/usr/lib/avr/include/avr/wdt.h **** 			[SIGNATURE] "r" ((uint8_t)0xD8),
 350:/usr/lib/avr/include/avr/wdt.h **** 			[WDTREG] "I" (_SFR_IO_ADDR(_WD_CONTROL_REG)),
 351:/usr/lib/avr/include/avr/wdt.h **** 			[WDVALUE] "r" ((uint8_t)((value & 0x08 ? _WD_PS3_MASK : 0x00)
 352:/usr/lib/avr/include/avr/wdt.h **** 				| _BV(WDE) | (value & 0x07) ))
 353:/usr/lib/avr/include/avr/wdt.h **** 			: "r0"
 354:/usr/lib/avr/include/avr/wdt.h **** 			);
 355:/usr/lib/avr/include/avr/wdt.h **** 	}
 356:/usr/lib/avr/include/avr/wdt.h **** }
 357:/usr/lib/avr/include/avr/wdt.h **** 
 358:/usr/lib/avr/include/avr/wdt.h **** static __inline__
 359:/usr/lib/avr/include/avr/wdt.h **** __attribute__ ((__always_inline__))
 360:/usr/lib/avr/include/avr/wdt.h **** void wdt_disable (void)
 361:/usr/lib/avr/include/avr/wdt.h **** {
 362:/usr/lib/avr/include/avr/wdt.h **** 	if (!_SFR_IO_REG_P (CCP) && !_SFR_IO_REG_P(_WD_CONTROL_REG))
 363:/usr/lib/avr/include/avr/wdt.h **** 	{
 364:/usr/lib/avr/include/avr/wdt.h ****         uint8_t temp_wd;
 365:/usr/lib/avr/include/avr/wdt.h ****         __asm__ __volatile__ (
 366:/usr/lib/avr/include/avr/wdt.h **** 				"in __tmp_reg__,__SREG__" "\n\t"
 367:/usr/lib/avr/include/avr/wdt.h **** 				"cli" "\n\t"
 368:/usr/lib/avr/include/avr/wdt.h **** 				"wdr" "\n\t"
 369:/usr/lib/avr/include/avr/wdt.h **** 				"sts %[CCPADDRESS],%[SIGNATURE]" "\n\t"
 370:/usr/lib/avr/include/avr/wdt.h **** 				"lds %[TEMP_WD],%[WDTREG]" "\n\t"
 371:/usr/lib/avr/include/avr/wdt.h **** 				"cbr %[TEMP_WD],%[WDVALUE]" "\n\t"
 372:/usr/lib/avr/include/avr/wdt.h **** 				"sts %[WDTREG],%[TEMP_WD]" "\n\t"
 373:/usr/lib/avr/include/avr/wdt.h **** 				"out __SREG__,__tmp_reg__" "\n\t"
 374:/usr/lib/avr/include/avr/wdt.h **** 				: /*no output */
 375:/usr/lib/avr/include/avr/wdt.h **** 				: [CCPADDRESS] "n" (_SFR_MEM_ADDR(CCP)),
 376:/usr/lib/avr/include/avr/wdt.h **** 				[SIGNATURE] "r" ((uint8_t)0xD8),
 377:/usr/lib/avr/include/avr/wdt.h **** 				[WDTREG] "n" (_SFR_MEM_ADDR(_WD_CONTROL_REG)),
 378:/usr/lib/avr/include/avr/wdt.h **** 				[TEMP_WD] "d" (temp_wd),
 379:/usr/lib/avr/include/avr/wdt.h **** 				[WDVALUE] "n" (1 << WDE)
 380:/usr/lib/avr/include/avr/wdt.h **** 				: "r0"
 381:/usr/lib/avr/include/avr/wdt.h **** 				);
 382:/usr/lib/avr/include/avr/wdt.h **** 	}
 383:/usr/lib/avr/include/avr/wdt.h **** 	else if (!_SFR_IO_REG_P (CCP) && _SFR_IO_REG_P(_WD_CONTROL_REG))
 384:/usr/lib/avr/include/avr/wdt.h **** 	{
 385:/usr/lib/avr/include/avr/wdt.h ****         uint8_t temp_wd;
 386:/usr/lib/avr/include/avr/wdt.h ****         __asm__ __volatile__ (
 387:/usr/lib/avr/include/avr/wdt.h **** 				"in __tmp_reg__,__SREG__" "\n\t"
 388:/usr/lib/avr/include/avr/wdt.h **** 				"cli" "\n\t"
 389:/usr/lib/avr/include/avr/wdt.h **** 				"wdr" "\n\t"
 390:/usr/lib/avr/include/avr/wdt.h **** 				"sts %[CCPADDRESS],%[SIGNATURE]" "\n\t"
 391:/usr/lib/avr/include/avr/wdt.h **** 				"in %[TEMP_WD],%[WDTREG]" "\n\t"
 392:/usr/lib/avr/include/avr/wdt.h **** 				"cbr %[TEMP_WD],%[WDVALUE]" "\n\t"
 393:/usr/lib/avr/include/avr/wdt.h **** 				"out %[WDTREG],%[TEMP_WD]" "\n\t"
 394:/usr/lib/avr/include/avr/wdt.h **** 				"out __SREG__,__tmp_reg__" "\n\t"
 395:/usr/lib/avr/include/avr/wdt.h **** 				: /*no output */
 396:/usr/lib/avr/include/avr/wdt.h **** 				: [CCPADDRESS] "n" (_SFR_MEM_ADDR(CCP)),
 397:/usr/lib/avr/include/avr/wdt.h **** 				[SIGNATURE] "r" ((uint8_t)0xD8),
 398:/usr/lib/avr/include/avr/wdt.h **** 				[WDTREG] "I" (_SFR_IO_ADDR(_WD_CONTROL_REG)),
 399:/usr/lib/avr/include/avr/wdt.h **** 				[TEMP_WD] "d" (temp_wd),
 400:/usr/lib/avr/include/avr/wdt.h **** 				[WDVALUE] "n" (1 << WDE)
 401:/usr/lib/avr/include/avr/wdt.h **** 				: "r0"
 402:/usr/lib/avr/include/avr/wdt.h **** 				);
 403:/usr/lib/avr/include/avr/wdt.h **** 	}
 404:/usr/lib/avr/include/avr/wdt.h **** 	else if (_SFR_IO_REG_P (CCP) && !_SFR_IO_REG_P(_WD_CONTROL_REG))
 405:/usr/lib/avr/include/avr/wdt.h **** 	{
 406:/usr/lib/avr/include/avr/wdt.h ****         uint8_t temp_wd;
 407:/usr/lib/avr/include/avr/wdt.h ****         __asm__ __volatile__ (
 408:/usr/lib/avr/include/avr/wdt.h **** 				"in __tmp_reg__,__SREG__" "\n\t"
 409:/usr/lib/avr/include/avr/wdt.h **** 				"cli" "\n\t"
 410:/usr/lib/avr/include/avr/wdt.h **** 				"wdr" "\n\t"
 411:/usr/lib/avr/include/avr/wdt.h **** 				"out %[CCPADDRESS],%[SIGNATURE]" "\n\t"
 412:/usr/lib/avr/include/avr/wdt.h **** 				"lds %[TEMP_WD],%[WDTREG]" "\n\t"
 413:/usr/lib/avr/include/avr/wdt.h **** 				"cbr %[TEMP_WD],%[WDVALUE]" "\n\t"
 414:/usr/lib/avr/include/avr/wdt.h **** 				"sts %[WDTREG],%[TEMP_WD]" "\n\t"
 415:/usr/lib/avr/include/avr/wdt.h **** 				"out __SREG__,__tmp_reg__" "\n\t"
 416:/usr/lib/avr/include/avr/wdt.h **** 				: /*no output */
 417:/usr/lib/avr/include/avr/wdt.h **** 				: [CCPADDRESS] "I" (_SFR_IO_ADDR(CCP)),
 418:/usr/lib/avr/include/avr/wdt.h **** 				[SIGNATURE] "r" ((uint8_t)0xD8),
 419:/usr/lib/avr/include/avr/wdt.h **** 				[WDTREG] "n" (_SFR_MEM_ADDR(_WD_CONTROL_REG)),
 420:/usr/lib/avr/include/avr/wdt.h **** 				[TEMP_WD] "d" (temp_wd),
 421:/usr/lib/avr/include/avr/wdt.h **** 				[WDVALUE] "n" (1 << WDE)
 422:/usr/lib/avr/include/avr/wdt.h **** 				: "r0"
 423:/usr/lib/avr/include/avr/wdt.h **** 				);
 424:/usr/lib/avr/include/avr/wdt.h **** 	}
 425:/usr/lib/avr/include/avr/wdt.h **** 	else
 426:/usr/lib/avr/include/avr/wdt.h **** 	{
 427:/usr/lib/avr/include/avr/wdt.h ****         uint8_t temp_wd;
 428:/usr/lib/avr/include/avr/wdt.h ****         __asm__ __volatile__ (
 429:/usr/lib/avr/include/avr/wdt.h **** 				"in __tmp_reg__,__SREG__" "\n\t"
 430:/usr/lib/avr/include/avr/wdt.h **** 				"cli" "\n\t"
 431:/usr/lib/avr/include/avr/wdt.h **** 				"wdr" "\n\t"
 432:/usr/lib/avr/include/avr/wdt.h **** 				"out %[CCPADDRESS],%[SIGNATURE]" "\n\t"
 433:/usr/lib/avr/include/avr/wdt.h **** 				"in %[TEMP_WD],%[WDTREG]" "\n\t"
 434:/usr/lib/avr/include/avr/wdt.h **** 				"cbr %[TEMP_WD],%[WDVALUE]" "\n\t"
 435:/usr/lib/avr/include/avr/wdt.h **** 				"out %[WDTREG],%[TEMP_WD]" "\n\t"
 436:/usr/lib/avr/include/avr/wdt.h **** 				"out __SREG__,__tmp_reg__" "\n\t"
 437:/usr/lib/avr/include/avr/wdt.h **** 				: /*no output */
 438:/usr/lib/avr/include/avr/wdt.h **** 				: [CCPADDRESS] "I" (_SFR_IO_ADDR(CCP)),
 439:/usr/lib/avr/include/avr/wdt.h **** 				[SIGNATURE] "r" ((uint8_t)0xD8),
 440:/usr/lib/avr/include/avr/wdt.h **** 				[WDTREG] "I" (_SFR_IO_ADDR(_WD_CONTROL_REG)),
 441:/usr/lib/avr/include/avr/wdt.h **** 				[TEMP_WD] "d" (temp_wd),
 442:/usr/lib/avr/include/avr/wdt.h **** 				[WDVALUE] "n" (1 << WDE)
 443:/usr/lib/avr/include/avr/wdt.h **** 				: "r0"
 444:/usr/lib/avr/include/avr/wdt.h **** 				);
 445:/usr/lib/avr/include/avr/wdt.h **** 	}
 446:/usr/lib/avr/include/avr/wdt.h **** }
 447:/usr/lib/avr/include/avr/wdt.h **** 
 448:/usr/lib/avr/include/avr/wdt.h **** #else
 449:/usr/lib/avr/include/avr/wdt.h **** 
 450:/usr/lib/avr/include/avr/wdt.h **** static __inline__
 451:/usr/lib/avr/include/avr/wdt.h **** __attribute__ ((__always_inline__))
 452:/usr/lib/avr/include/avr/wdt.h **** void wdt_enable (const uint8_t value)
 453:/usr/lib/avr/include/avr/wdt.h **** {
 454:/usr/lib/avr/include/avr/wdt.h **** 	if (_SFR_IO_REG_P (_WD_CONTROL_REG))
 455:/usr/lib/avr/include/avr/wdt.h **** 	{
 456:/usr/lib/avr/include/avr/wdt.h **** 		__asm__ __volatile__ (
 457:/usr/lib/avr/include/avr/wdt.h **** 				"in __tmp_reg__,__SREG__" "\n\t"
 458:/usr/lib/avr/include/avr/wdt.h **** 				"cli" "\n\t"
 459:/usr/lib/avr/include/avr/wdt.h **** 				"wdr" "\n\t"
 460:/usr/lib/avr/include/avr/wdt.h **** 				"out %0, %1" "\n\t"
 461:/usr/lib/avr/include/avr/wdt.h **** 				"out __SREG__,__tmp_reg__" "\n\t"
 462:/usr/lib/avr/include/avr/wdt.h **** 				"out %0, %2" "\n \t"
 463:/usr/lib/avr/include/avr/wdt.h **** 				: /* no outputs */
 464:/usr/lib/avr/include/avr/wdt.h **** 				: "I" (_SFR_IO_ADDR(_WD_CONTROL_REG)),
 465:/usr/lib/avr/include/avr/wdt.h **** 				"r" ((uint8_t)(_BV(_WD_CHANGE_BIT) | _BV(WDE))),
 466:/usr/lib/avr/include/avr/wdt.h **** 				"r" ((uint8_t) ((value & 0x08 ? _WD_PS3_MASK : 0x00) |
 467:/usr/lib/avr/include/avr/wdt.h **** 						_BV(WDE) | (value & 0x07)) )
 468:/usr/lib/avr/include/avr/wdt.h **** 				: "r0"
 469:/usr/lib/avr/include/avr/wdt.h **** 		);
 470:/usr/lib/avr/include/avr/wdt.h **** 	}
 471:/usr/lib/avr/include/avr/wdt.h **** 	else
 472:/usr/lib/avr/include/avr/wdt.h **** 	{
 473:/usr/lib/avr/include/avr/wdt.h **** 		__asm__ __volatile__ (
 474:/usr/lib/avr/include/avr/wdt.h **** 				"in __tmp_reg__,__SREG__" "\n\t"
 475:/usr/lib/avr/include/avr/wdt.h **** 				"cli" "\n\t"
 476:/usr/lib/avr/include/avr/wdt.h **** 				"wdr" "\n\t"
 477:/usr/lib/avr/include/avr/wdt.h **** 				"sts %0, %1" "\n\t"
 478:/usr/lib/avr/include/avr/wdt.h **** 				"out __SREG__,__tmp_reg__" "\n\t"
 479:/usr/lib/avr/include/avr/wdt.h **** 				"sts %0, %2" "\n \t"
 480:/usr/lib/avr/include/avr/wdt.h **** 				: /* no outputs */
 481:/usr/lib/avr/include/avr/wdt.h **** 				: "n" (_SFR_MEM_ADDR(_WD_CONTROL_REG)),
 482:/usr/lib/avr/include/avr/wdt.h **** 				"r" ((uint8_t)(_BV(_WD_CHANGE_BIT) | _BV(WDE))),
 483:/usr/lib/avr/include/avr/wdt.h **** 				"r" ((uint8_t) ((value & 0x08 ? _WD_PS3_MASK : 0x00) |
 484:/usr/lib/avr/include/avr/wdt.h **** 						_BV(WDE) | (value & 0x07)) )
 485:/usr/lib/avr/include/avr/wdt.h **** 				: "r0"
 486:/usr/lib/avr/include/avr/wdt.h **** 		);
 487:/usr/lib/avr/include/avr/wdt.h **** 	}
 488:/usr/lib/avr/include/avr/wdt.h **** }
 489:/usr/lib/avr/include/avr/wdt.h **** 
 490:/usr/lib/avr/include/avr/wdt.h **** static __inline__
 491:/usr/lib/avr/include/avr/wdt.h **** __attribute__ ((__always_inline__))
 492:/usr/lib/avr/include/avr/wdt.h **** void wdt_disable (void)
 493:/usr/lib/avr/include/avr/wdt.h **** {
 494:/usr/lib/avr/include/avr/wdt.h **** 	if (_SFR_IO_REG_P (_WD_CONTROL_REG))
 495:/usr/lib/avr/include/avr/wdt.h **** 	{
 496:/usr/lib/avr/include/avr/wdt.h ****         uint8_t register temp_reg;
 497:/usr/lib/avr/include/avr/wdt.h **** 		__asm__ __volatile__ (
 498:/usr/lib/avr/include/avr/wdt.h **** 				"in __tmp_reg__,__SREG__"    "\n\t"
 499:/usr/lib/avr/include/avr/wdt.h **** 				"cli"                        "\n\t"
 500:/usr/lib/avr/include/avr/wdt.h **** 				"wdr"                        "\n\t"
 501:/usr/lib/avr/include/avr/wdt.h **** 				"in  %[TEMPREG],%[WDTREG]"   "\n\t"
 502:/usr/lib/avr/include/avr/wdt.h **** 				"ori %[TEMPREG],%[WDCE_WDE]" "\n\t"
 503:/usr/lib/avr/include/avr/wdt.h **** 				"out %[WDTREG],%[TEMPREG]"   "\n\t"
 504:/usr/lib/avr/include/avr/wdt.h **** 				"out %[WDTREG],__zero_reg__" "\n\t"
 505:/usr/lib/avr/include/avr/wdt.h **** 				"out __SREG__,__tmp_reg__"   "\n\t"
 506:/usr/lib/avr/include/avr/wdt.h **** 				: [TEMPREG] "=d" (temp_reg)
 507:/usr/lib/avr/include/avr/wdt.h **** 				: [WDTREG]  "I"  (_SFR_IO_ADDR(_WD_CONTROL_REG)),
 508:/usr/lib/avr/include/avr/wdt.h **** 				[WDCE_WDE]  "n"  ((uint8_t)(_BV(_WD_CHANGE_BIT) | _BV(WDE)))
 509:/usr/lib/avr/include/avr/wdt.h **** 				: "r0"
 510:/usr/lib/avr/include/avr/wdt.h **** 		);
 511:/usr/lib/avr/include/avr/wdt.h **** 	}
 512:/usr/lib/avr/include/avr/wdt.h **** 	else
 513:/usr/lib/avr/include/avr/wdt.h **** 	{
 514:/usr/lib/avr/include/avr/wdt.h ****         uint8_t register temp_reg;
 515:/usr/lib/avr/include/avr/wdt.h **** 		__asm__ __volatile__ (
 393               		.loc 3 515 0
 394               	/* #APP */
 395               	 ;  515 "/usr/lib/avr/include/avr/wdt.h" 1
 396 0018 0FB6      		in __tmp_reg__,__SREG__
 397 001a F894      		cli
 398 001c A895      		wdr
 399 001e 8091 6000 		lds r24,96
 400 0022 8861      		ori r24,24
 401 0024 8093 6000 		sts 96,r24
 402 0028 1092 6000 		sts 96,__zero_reg__
 403 002c 0FBE      		out __SREG__,__tmp_reg__
 404               		
 405               	 ;  0 "" 2
 406               	.LVL31:
 407               	/* #NOAPP */
 408               	.LBE70:
 409               	.LBE69:
 410               	.LBB71:
 411               	.LBB72:
 412               		.file 4 "./LUFA/Drivers/Peripheral/Serial.h"
   1:./LUFA/Drivers/Peripheral/Serial.h **** /*
   2:./LUFA/Drivers/Peripheral/Serial.h ****              LUFA Library
   3:./LUFA/Drivers/Peripheral/Serial.h ****      Copyright (C) Dean Camera, 2010.
   4:./LUFA/Drivers/Peripheral/Serial.h ****               
   5:./LUFA/Drivers/Peripheral/Serial.h ****   dean [at] fourwalledcubicle [dot] com
   6:./LUFA/Drivers/Peripheral/Serial.h ****       www.fourwalledcubicle.com
   7:./LUFA/Drivers/Peripheral/Serial.h **** */
   8:./LUFA/Drivers/Peripheral/Serial.h **** 
   9:./LUFA/Drivers/Peripheral/Serial.h **** /*
  10:./LUFA/Drivers/Peripheral/Serial.h ****   Copyright 2010  Dean Camera (dean [at] fourwalledcubicle [dot] com)
  11:./LUFA/Drivers/Peripheral/Serial.h **** 
  12:./LUFA/Drivers/Peripheral/Serial.h ****   Permission to use, copy, modify, distribute, and sell this 
  13:./LUFA/Drivers/Peripheral/Serial.h ****   software and its documentation for any purpose is hereby granted
  14:./LUFA/Drivers/Peripheral/Serial.h ****   without fee, provided that the above copyright notice appear in 
  15:./LUFA/Drivers/Peripheral/Serial.h ****   all copies and that both that the copyright notice and this
  16:./LUFA/Drivers/Peripheral/Serial.h ****   permission notice and warranty disclaimer appear in supporting 
  17:./LUFA/Drivers/Peripheral/Serial.h ****   documentation, and that the name of the author not be used in 
  18:./LUFA/Drivers/Peripheral/Serial.h ****   advertising or publicity pertaining to distribution of the 
  19:./LUFA/Drivers/Peripheral/Serial.h ****   software without specific, written prior permission.
  20:./LUFA/Drivers/Peripheral/Serial.h **** 
  21:./LUFA/Drivers/Peripheral/Serial.h ****   The author disclaim all warranties with regard to this
  22:./LUFA/Drivers/Peripheral/Serial.h ****   software, including all implied warranties of merchantability
  23:./LUFA/Drivers/Peripheral/Serial.h ****   and fitness.  In no event shall the author be liable for any
  24:./LUFA/Drivers/Peripheral/Serial.h ****   special, indirect or consequential damages or any damages
  25:./LUFA/Drivers/Peripheral/Serial.h ****   whatsoever resulting from loss of use, data or profits, whether
  26:./LUFA/Drivers/Peripheral/Serial.h ****   in an action of contract, negligence or other tortious action,
  27:./LUFA/Drivers/Peripheral/Serial.h ****   arising out of or in connection with the use or performance of
  28:./LUFA/Drivers/Peripheral/Serial.h ****   this software.
  29:./LUFA/Drivers/Peripheral/Serial.h **** */
  30:./LUFA/Drivers/Peripheral/Serial.h **** 
  31:./LUFA/Drivers/Peripheral/Serial.h **** /** \file
  32:./LUFA/Drivers/Peripheral/Serial.h ****  *  \brief Master include file for the USART peripheral driver.
  33:./LUFA/Drivers/Peripheral/Serial.h ****  *
  34:./LUFA/Drivers/Peripheral/Serial.h ****  *  Driver for the USART subsystem on supported USB AVRs.
  35:./LUFA/Drivers/Peripheral/Serial.h ****  */
  36:./LUFA/Drivers/Peripheral/Serial.h ****  
  37:./LUFA/Drivers/Peripheral/Serial.h **** /** \ingroup Group_PeripheralDrivers
  38:./LUFA/Drivers/Peripheral/Serial.h ****  *  @defgroup Group_Serial Serial USART Driver - LUFA/Drivers/Peripheral/Serial.h
  39:./LUFA/Drivers/Peripheral/Serial.h ****  *
  40:./LUFA/Drivers/Peripheral/Serial.h ****  *  \section Sec_Dependencies Module Source Dependencies
  41:./LUFA/Drivers/Peripheral/Serial.h ****  *  The following files must be built with any user project that uses this module:
  42:./LUFA/Drivers/Peripheral/Serial.h ****  *    - LUFA/Drivers/Peripheral/Serial.c <i>(Makefile source module name: LUFA_SRC_SERIAL)</i>
  43:./LUFA/Drivers/Peripheral/Serial.h ****  *
  44:./LUFA/Drivers/Peripheral/Serial.h ****  *  \section Module Description
  45:./LUFA/Drivers/Peripheral/Serial.h ****  *  Hardware serial USART driver. This module provides an easy to use driver for
  46:./LUFA/Drivers/Peripheral/Serial.h ****  *  the setup of and transfer of data over the AVR's USART port.
  47:./LUFA/Drivers/Peripheral/Serial.h ****  *
  48:./LUFA/Drivers/Peripheral/Serial.h ****  *  @{
  49:./LUFA/Drivers/Peripheral/Serial.h ****  */
  50:./LUFA/Drivers/Peripheral/Serial.h ****  
  51:./LUFA/Drivers/Peripheral/Serial.h **** #ifndef __SERIAL_H__
  52:./LUFA/Drivers/Peripheral/Serial.h **** #define __SERIAL_H__
  53:./LUFA/Drivers/Peripheral/Serial.h **** 
  54:./LUFA/Drivers/Peripheral/Serial.h **** 	/* Includes: */
  55:./LUFA/Drivers/Peripheral/Serial.h **** 		#include <avr/io.h>
  56:./LUFA/Drivers/Peripheral/Serial.h **** 		#include <avr/pgmspace.h>
  57:./LUFA/Drivers/Peripheral/Serial.h **** 		#include <stdbool.h>
  58:./LUFA/Drivers/Peripheral/Serial.h **** 		
  59:./LUFA/Drivers/Peripheral/Serial.h **** 		#include "../../Common/Common.h"
  60:./LUFA/Drivers/Peripheral/Serial.h **** 		#include "../Misc/TerminalCodes.h"
  61:./LUFA/Drivers/Peripheral/Serial.h **** 
  62:./LUFA/Drivers/Peripheral/Serial.h **** 	/* Enable C linkage for C++ Compilers: */
  63:./LUFA/Drivers/Peripheral/Serial.h **** 		#if defined(__cplusplus)
  64:./LUFA/Drivers/Peripheral/Serial.h **** 			extern "C" {
  65:./LUFA/Drivers/Peripheral/Serial.h **** 		#endif
  66:./LUFA/Drivers/Peripheral/Serial.h **** 
  67:./LUFA/Drivers/Peripheral/Serial.h **** 	/* Public Interface - May be used in end-application: */
  68:./LUFA/Drivers/Peripheral/Serial.h **** 		/* Macros: */
  69:./LUFA/Drivers/Peripheral/Serial.h **** 			/** Macro for calculating the baud value from a given baud rate when the U2X (double speed) bit 
  70:./LUFA/Drivers/Peripheral/Serial.h **** 			 *  not set.
  71:./LUFA/Drivers/Peripheral/Serial.h **** 			 */
  72:./LUFA/Drivers/Peripheral/Serial.h **** 			#define SERIAL_UBBRVAL(baud)    ((((F_CPU / 16) + (baud / 2)) / (baud)) - 1)
  73:./LUFA/Drivers/Peripheral/Serial.h **** 
  74:./LUFA/Drivers/Peripheral/Serial.h **** 			/** Macro for calculating the baud value from a given baud rate when the U2X (double speed) bit 
  75:./LUFA/Drivers/Peripheral/Serial.h **** 			 *  set.
  76:./LUFA/Drivers/Peripheral/Serial.h **** 			 */
  77:./LUFA/Drivers/Peripheral/Serial.h **** 			#define SERIAL_2X_UBBRVAL(baud) ((((F_CPU / 8) + (baud / 2)) / (baud)) - 1)
  78:./LUFA/Drivers/Peripheral/Serial.h **** 
  79:./LUFA/Drivers/Peripheral/Serial.h **** 		/* Function Prototypes: */
  80:./LUFA/Drivers/Peripheral/Serial.h **** 			/** Transmits a given string located in program space (FLASH) through the USART.
  81:./LUFA/Drivers/Peripheral/Serial.h **** 			 *
  82:./LUFA/Drivers/Peripheral/Serial.h **** 			 *  \param[in] FlashStringPtr  Pointer to a string located in program space.
  83:./LUFA/Drivers/Peripheral/Serial.h **** 			 */
  84:./LUFA/Drivers/Peripheral/Serial.h **** 			void Serial_TxString_P(const char* FlashStringPtr) ATTR_NON_NULL_PTR_ARG(1);
  85:./LUFA/Drivers/Peripheral/Serial.h **** 
  86:./LUFA/Drivers/Peripheral/Serial.h **** 			/** Transmits a given string located in SRAM memory through the USART.
  87:./LUFA/Drivers/Peripheral/Serial.h **** 			 *
  88:./LUFA/Drivers/Peripheral/Serial.h **** 			 *  \param[in] StringPtr  Pointer to a string located in SRAM space.
  89:./LUFA/Drivers/Peripheral/Serial.h **** 			 */
  90:./LUFA/Drivers/Peripheral/Serial.h **** 			void Serial_TxString(const char* StringPtr) ATTR_NON_NULL_PTR_ARG(1);
  91:./LUFA/Drivers/Peripheral/Serial.h **** 
  92:./LUFA/Drivers/Peripheral/Serial.h **** 		/* Inline Functions: */
  93:./LUFA/Drivers/Peripheral/Serial.h **** 			/** Initializes the USART, ready for serial data transmission and reception. This initializes th
  94:./LUFA/Drivers/Peripheral/Serial.h **** 			 *  standard 8-bit, no parity, 1 stop bit settings suitable for most applications.
  95:./LUFA/Drivers/Peripheral/Serial.h **** 			 *
  96:./LUFA/Drivers/Peripheral/Serial.h **** 			 *  \param[in] BaudRate     Serial baud rate, in bits per second.
  97:./LUFA/Drivers/Peripheral/Serial.h **** 			 *  \param[in] DoubleSpeed  Enables double speed mode when set, halving the sample time to doubl
  98:./LUFA/Drivers/Peripheral/Serial.h **** 			 */
  99:./LUFA/Drivers/Peripheral/Serial.h **** 			static inline void Serial_Init(const uint32_t BaudRate,
 100:./LUFA/Drivers/Peripheral/Serial.h **** 			                               const bool DoubleSpeed)
 101:./LUFA/Drivers/Peripheral/Serial.h **** 			{
 102:./LUFA/Drivers/Peripheral/Serial.h **** 				UBRR1  = (DoubleSpeed ? SERIAL_2X_UBBRVAL(BaudRate) : SERIAL_UBBRVAL(BaudRate));
 413               		.loc 4 102 0
 414 002e 8CEC      		ldi r24,lo8(-52)
 415 0030 A82E      		mov r10,r24
 416 0032 B12C      		mov r11,__zero_reg__
 417 0034 87E6      		ldi r24,lo8(103)
 418 0036 90E0      		ldi r25,0
 419 0038 F501      		movw r30,r10
 420 003a 9183      		std Z+1,r25
 421 003c 8083      		st Z,r24
 103:./LUFA/Drivers/Peripheral/Serial.h **** 
 104:./LUFA/Drivers/Peripheral/Serial.h **** 				UCSR1C = ((1 << UCSZ11) | (1 << UCSZ10));
 422               		.loc 4 104 0
 423 003e 9AEC      		ldi r25,lo8(-54)
 424 0040 E92E      		mov r14,r25
 425 0042 F12C      		mov r15,__zero_reg__
 426 0044 26E0      		ldi r18,lo8(6)
 427 0046 D22E      		mov r13,r18
 428 0048 F701      		movw r30,r14
 429 004a D082      		st Z,r13
 105:./LUFA/Drivers/Peripheral/Serial.h **** 				UCSR1A = (DoubleSpeed ? (1 << U2X1) : 0);
 430               		.loc 4 105 0
 431 004c 08EC      		ldi r16,lo8(-56)
 432 004e 10E0      		ldi r17,0
 433 0050 F801      		movw r30,r16
 434 0052 1082      		st Z,__zero_reg__
 106:./LUFA/Drivers/Peripheral/Serial.h **** 				UCSR1B = ((1 << TXEN1)  | (1 << RXEN1));
 435               		.loc 4 106 0
 436 0054 C9EC      		ldi r28,lo8(-55)
 437 0056 D0E0      		ldi r29,0
 438 0058 88E1      		ldi r24,lo8(24)
 439 005a 8883      		st Y,r24
 107:./LUFA/Drivers/Peripheral/Serial.h **** 				
 108:./LUFA/Drivers/Peripheral/Serial.h **** 				DDRD  |= (1 << 3);
 440               		.loc 4 108 0
 441 005c 539A      		sbi 0xa,3
 109:./LUFA/Drivers/Peripheral/Serial.h **** 				PORTD |= (1 << 2);
 442               		.loc 4 109 0
 443 005e 5A9A      		sbi 0xb,2
 444               	.LVL32:
 445               	.LBE72:
 446               	.LBE71:
 358:Arduino-keyboard.c ****      wdt_disable();
 359:Arduino-keyboard.c **** 
 360:Arduino-keyboard.c ****      /* Hardware Initialization */
 361:Arduino-keyboard.c ****      Serial_Init(9600, false);
 362:Arduino-keyboard.c ****      USB_Init();
 447               		.loc 1 362 0
 448 0060 0E94 0000 		call USB_Init
 449               	.LVL33:
 363:Arduino-keyboard.c **** 
 364:Arduino-keyboard.c ****      /* Start the flush timer so that overflows occur rapidly to push received bytes to the USB int
 365:Arduino-keyboard.c ****      TCCR0B = (1 << CS02);
 450               		.loc 1 365 0
 451 0064 84E0      		ldi r24,lo8(4)
 452 0066 85BD      		out 0x25,r24
 366:Arduino-keyboard.c ****     
 367:Arduino-keyboard.c ****      /* Pull target /RESET line high */
 368:Arduino-keyboard.c ****      AVR_RESET_LINE_PORT |= AVR_RESET_LINE_MASK;
 453               		.loc 1 368 0
 454 0068 5F9A      		sbi 0xb,7
 369:Arduino-keyboard.c ****      AVR_RESET_LINE_DDR  |= AVR_RESET_LINE_MASK;
 455               		.loc 1 369 0
 456 006a 579A      		sbi 0xa,7
 370:Arduino-keyboard.c **** 
 371:Arduino-keyboard.c ****      /* Must turn off USART before reconfiguring it, otherwise incorrect operation may occur */
 372:Arduino-keyboard.c ****      UCSR1B = 0;
 457               		.loc 1 372 0
 458 006c 1882      		st Y,__zero_reg__
 373:Arduino-keyboard.c ****      UCSR1A = 0;
 459               		.loc 1 373 0
 460 006e F801      		movw r30,r16
 461 0070 1082      		st Z,__zero_reg__
 374:Arduino-keyboard.c ****      UCSR1C = 0;
 462               		.loc 1 374 0
 463 0072 F701      		movw r30,r14
 464 0074 1082      		st Z,__zero_reg__
 375:Arduino-keyboard.c **** 
 376:Arduino-keyboard.c ****      /* Special case 57600 baud for compatibility with the ATmega328 bootloader. */    
 377:Arduino-keyboard.c ****      UBRR1  = SERIAL_2X_UBBRVAL(9600);
 465               		.loc 1 377 0
 466 0076 8FEC      		ldi r24,lo8(-49)
 467 0078 90E0      		ldi r25,0
 468 007a F501      		movw r30,r10
 469 007c 9183      		std Z+1,r25
 470 007e 8083      		st Z,r24
 378:Arduino-keyboard.c **** 
 379:Arduino-keyboard.c ****      UCSR1C = ((1 << UCSZ11) | (1 << UCSZ10));
 471               		.loc 1 379 0
 472 0080 F701      		movw r30,r14
 473 0082 D082      		st Z,r13
 380:Arduino-keyboard.c ****      UCSR1A = (1 << U2X1);
 474               		.loc 1 380 0
 475 0084 82E0      		ldi r24,lo8(2)
 476 0086 F801      		movw r30,r16
 477 0088 8083      		st Z,r24
 381:Arduino-keyboard.c ****      UCSR1B = ((1 << RXCIE1) | (1 << TXEN1) | (1 << RXEN1));
 478               		.loc 1 381 0
 479 008a 88E9      		ldi r24,lo8(-104)
 480 008c 8883      		st Y,r24
 481               	/* epilogue start */
 382:Arduino-keyboard.c **** }
 482               		.loc 1 382 0
 483 008e DF91      		pop r29
 484 0090 CF91      		pop r28
 485 0092 1F91      		pop r17
 486 0094 0F91      		pop r16
 487 0096 FF90      		pop r15
 488 0098 EF90      		pop r14
 489 009a DF90      		pop r13
 490 009c BF90      		pop r11
 491 009e AF90      		pop r10
 492 00a0 0895      		ret
 493               		.cfi_endproc
 494               	.LFE99:
 496               		.section	.text.startup.main,"ax",@progbits
 497               	.global	main
 499               	main:
 500               	.LFB98:
 339:Arduino-keyboard.c ****     SetupHardware();
 501               		.loc 1 339 0
 502               		.cfi_startproc
 503               	/* prologue: function */
 504               	/* frame size = 0 */
 505               	/* stack size = 0 */
 506               	.L__stack_usage = 0
 340:Arduino-keyboard.c ****     sei();
 507               		.loc 1 340 0
 508 0000 0E94 0000 		call SetupHardware
 509               	.LVL34:
 341:Arduino-keyboard.c **** 
 510               		.loc 1 341 0
 511               	/* #APP */
 512               	 ;  341 "Arduino-keyboard.c" 1
 513 0004 7894      		sei
 514               	 ;  0 "" 2
 515               	/* #NOAPP */
 516               	.L30:
 345:Arduino-keyboard.c **** 
 517               		.loc 1 345 0 discriminator 1
 518 0006 0E94 0000 		call ProcessIncomingSerialData
 519               	.LVL35:
 348:Arduino-keyboard.c ****         HID_Device_USBTask(&HID_MediaInterface);
 520               		.loc 1 348 0 discriminator 1
 521 000a 80E0      		ldi r24,lo8(HID_KeyboardInterface)
 522 000c 90E0      		ldi r25,hi8(HID_KeyboardInterface)
 523 000e 0E94 0000 		call HID_Device_USBTask
 524               	.LVL36:
 349:Arduino-keyboard.c ****         USB_USBTask();
 525               		.loc 1 349 0 discriminator 1
 526 0012 80E0      		ldi r24,lo8(HID_MediaInterface)
 527 0014 90E0      		ldi r25,hi8(HID_MediaInterface)
 528 0016 0E94 0000 		call HID_Device_USBTask
 529               	.LVL37:
 350:Arduino-keyboard.c ****     }
 530               		.loc 1 350 0 discriminator 1
 531 001a 0E94 0000 		call USB_USBTask
 532               	.LVL38:
 533 001e 00C0      		rjmp .L30
 534               		.cfi_endproc
 535               	.LFE98:
 537               		.section	.text.CALLBACK_HID_Device_CreateHIDReport,"ax",@progbits
 538               	.global	CALLBACK_HID_Device_CreateHIDReport
 540               	CALLBACK_HID_Device_CreateHIDReport:
 541               	.LFB100:
 383:Arduino-keyboard.c **** 
 384:Arduino-keyboard.c **** 
 385:Arduino-keyboard.c **** /* ---------------------------------------------------------
 386:Arduino-keyboard.c ****  * USB Endpoint Transmission Architecture callbacks
 387:Arduino-keyboard.c ****  * --------------------------------------------------------- */
 388:Arduino-keyboard.c **** bool CALLBACK_HID_Device_CreateHIDReport(
 389:Arduino-keyboard.c ****     USB_ClassInfo_HID_Device_t* const HIDInterfaceInfo,
 390:Arduino-keyboard.c ****     uint8_t* const ReportID,
 391:Arduino-keyboard.c ****     const uint8_t ReportType,
 392:Arduino-keyboard.c ****     void* ReportData,
 393:Arduino-keyboard.c ****     uint16_t* const ReportSize)
 394:Arduino-keyboard.c **** {
 542               		.loc 1 394 0
 543               		.cfi_startproc
 544               	.LVL39:
 545 0000 0F93      		push r16
 546               	.LCFI10:
 547               		.cfi_def_cfa_offset 3
 548               		.cfi_offset 16, -2
 549 0002 1F93      		push r17
 550               	.LCFI11:
 551               		.cfi_def_cfa_offset 4
 552               		.cfi_offset 17, -3
 553 0004 CF93      		push r28
 554               	.LCFI12:
 555               		.cfi_def_cfa_offset 5
 556               		.cfi_offset 28, -4
 557 0006 DF93      		push r29
 558               	.LCFI13:
 559               		.cfi_def_cfa_offset 6
 560               		.cfi_offset 29, -5
 561 0008 CDB7      		in r28,__SP_L__
 562 000a DEB7      		in r29,__SP_H__
 563               	.LCFI14:
 564               		.cfi_def_cfa_register 28
 565 000c 2897      		sbiw r28,8
 566               	.LCFI15:
 567               		.cfi_def_cfa_offset 14
 568 000e 0FB6      		in __tmp_reg__,__SREG__
 569 0010 F894      		cli
 570 0012 DEBF      		out __SP_H__,r29
 571 0014 0FBE      		out __SREG__,__tmp_reg__
 572 0016 CDBF      		out __SP_L__,r28
 573               	/* prologue: function */
 574               	/* frame size = 8 */
 575               	/* stack size = 12 */
 576               	.L__stack_usage = 12
 395:Arduino-keyboard.c ****     (void)ReportID;
 396:Arduino-keyboard.c ****     (void)ReportType;
 397:Arduino-keyboard.c **** 
 398:Arduino-keyboard.c ****     // Output mapped matrix layout into Endpoint 1
 399:Arduino-keyboard.c ****     if (HIDInterfaceInfo == &HID_KeyboardInterface) {
 577               		.loc 1 399 0
 578 0018 40E0      		ldi r20,hi8(HID_KeyboardInterface)
 579 001a 8030      		cpi r24,lo8(HID_KeyboardInterface)
 580 001c 9407      		cpc r25,r20
 581               	.LVL40:
 582 001e 01F4      		brne .L32
 583               	.LBB79:
 584               	.LBB80:
 585               	.LBB81:
 248:Arduino-keyboard.c ****     *Report = KeyboardQueue[KeyboardHead];
 586               		.loc 1 248 0
 587 0020 9091 0000 		lds r25,KeyboardHead
 588 0024 8091 0000 		lds r24,KeyboardTail
 589               	.LVL41:
 590 0028 9813      		cpse r25,r24
 591 002a 00C0      		rjmp .L33
 592               	.L36:
 593               	.LBE81:
 594               	.LBE80:
 595               	.LBE79:
 400:Arduino-keyboard.c ****         USB_KeyboardReport_Data_t activeBufferFrame;
 401:Arduino-keyboard.c **** 
 402:Arduino-keyboard.c ****         if (KeyboardQueue_Pop(&activeBufferFrame)) {
 403:Arduino-keyboard.c ****             memcpy(ReportData, &activeBufferFrame, sizeof(USB_KeyboardReport_Data_t));
 404:Arduino-keyboard.c ****             *ReportSize = sizeof(USB_KeyboardReport_Data_t);
 405:Arduino-keyboard.c ****             return true;
 406:Arduino-keyboard.c ****         }
 407:Arduino-keyboard.c ****         *ReportSize = 0;
 408:Arduino-keyboard.c ****         return false;
 409:Arduino-keyboard.c ****     }
 410:Arduino-keyboard.c **** 
 411:Arduino-keyboard.c ****     // Output consumer command usages into Endpoint 2
 412:Arduino-keyboard.c ****     if (HIDInterfaceInfo == &HID_MediaInterface) {
 413:Arduino-keyboard.c ****         USB_MediaReport_Data_t* MediaReport = (USB_MediaReport_Data_t*)ReportData;
 414:Arduino-keyboard.c **** 
 415:Arduino-keyboard.c ****         if (MediaState == MEDIA_IDLE) {
 416:Arduino-keyboard.c ****             if (MediaQueue_Pop(&currentMediaUsage)) {
 417:Arduino-keyboard.c ****                 MediaReport->Usage = currentMediaUsage;
 418:Arduino-keyboard.c ****                 MediaState = MEDIA_SEND_RELEASE;
 419:Arduino-keyboard.c ****                 *ReportSize = sizeof(USB_MediaReport_Data_t);
 420:Arduino-keyboard.c ****                 return true;
 421:Arduino-keyboard.c ****             }
 422:Arduino-keyboard.c ****         }
 423:Arduino-keyboard.c ****         else if (MediaState == MEDIA_SEND_RELEASE) {
 424:Arduino-keyboard.c ****             MediaReport->Usage = 0x0000;
 425:Arduino-keyboard.c ****             MediaState = MEDIA_IDLE;
 426:Arduino-keyboard.c ****             *ReportSize = sizeof(USB_MediaReport_Data_t);
 427:Arduino-keyboard.c ****             return true;
 428:Arduino-keyboard.c ****         }
 429:Arduino-keyboard.c **** 
 430:Arduino-keyboard.c ****         MediaReport->Usage = 0;
 431:Arduino-keyboard.c ****         *ReportSize = sizeof(USB_MediaReport_Data_t);
 432:Arduino-keyboard.c ****         return false;
 433:Arduino-keyboard.c ****     }
 434:Arduino-keyboard.c **** 
 435:Arduino-keyboard.c ****     *ReportSize = 0;
 596               		.loc 1 435 0
 597 002c F801      		movw r30,r16
 598 002e 1182      		std Z+1,__zero_reg__
 599 0030 1082      		st Z,__zero_reg__
 600 0032 00C0      		rjmp .L39
 601               	.L33:
 602               	.LBB84:
 603               	.LBB83:
 604               	.LBB82:
 249:Arduino-keyboard.c ****     KeyboardHead = (KeyboardHead + 1) % KEYBOARD_QUEUE_SIZE;
 605               		.loc 1 249 0
 606 0034 E091 0000 		lds r30,KeyboardHead
 607 0038 F0E0      		ldi r31,0
 608 003a 93E0      		ldi r25,3
 609               		1:
 610 003c EE0F      		lsl r30
 611 003e FF1F      		rol r31
 612 0040 9A95      		dec r25
 613 0042 01F4      		brne 1b
 614 0044 E050      		subi r30,lo8(-(KeyboardQueue))
 615 0046 F040      		sbci r31,hi8(-(KeyboardQueue))
 616 0048 88E0      		ldi r24,lo8(8)
 617 004a DE01      		movw r26,r28
 618 004c 1196      		adiw r26,1
 619               		0:
 620 004e 0190      		ld r0,Z+
 621 0050 0D92      		st X+,r0
 622 0052 8A95      		dec r24
 623 0054 01F4      		brne 0b
 250:Arduino-keyboard.c ****     return true;
 624               		.loc 1 250 0
 625 0056 8091 0000 		lds r24,KeyboardHead
 626 005a 90E0      		ldi r25,0
 627 005c 0196      		adiw r24,1
 628 005e 8770      		andi r24,7
 629 0060 9927      		clr r25
 630 0062 8093 0000 		sts KeyboardHead,r24
 631               	.LBE82:
 632               	.LBE83:
 403:Arduino-keyboard.c ****             *ReportSize = sizeof(USB_KeyboardReport_Data_t);
 633               		.loc 1 403 0
 634 0066 88E0      		ldi r24,lo8(8)
 635 0068 FE01      		movw r30,r28
 636 006a 3196      		adiw r30,1
 637 006c D901      		movw r26,r18
 638               		0:
 639 006e 0190      		ld r0,Z+
 640 0070 0D92      		st X+,r0
 641 0072 8A95      		dec r24
 642 0074 01F4      		brne 0b
 404:Arduino-keyboard.c ****             return true;
 643               		.loc 1 404 0
 644 0076 88E0      		ldi r24,lo8(8)
 645 0078 90E0      		ldi r25,0
 646               	.L41:
 647               	.LBE84:
 648               	.LBB85:
 426:Arduino-keyboard.c ****             return true;
 649               		.loc 1 426 0
 650 007a F801      		movw r30,r16
 651 007c 9183      		std Z+1,r25
 652 007e 8083      		st Z,r24
 427:Arduino-keyboard.c ****         }
 653               		.loc 1 427 0
 654 0080 81E0      		ldi r24,lo8(1)
 655               	.L31:
 656               	/* epilogue start */
 657               	.LBE85:
 436:Arduino-keyboard.c ****     return false;
 437:Arduino-keyboard.c **** }
 658               		.loc 1 437 0
 659 0082 2896      		adiw r28,8
 660 0084 0FB6      		in __tmp_reg__,__SREG__
 661 0086 F894      		cli
 662 0088 DEBF      		out __SP_H__,r29
 663 008a 0FBE      		out __SREG__,__tmp_reg__
 664 008c CDBF      		out __SP_L__,r28
 665 008e DF91      		pop r29
 666 0090 CF91      		pop r28
 667 0092 1F91      		pop r17
 668 0094 0F91      		pop r16
 669               	.LVL42:
 670 0096 0895      		ret
 671               	.LVL43:
 672               	.L32:
 412:Arduino-keyboard.c ****         USB_MediaReport_Data_t* MediaReport = (USB_MediaReport_Data_t*)ReportData;
 673               		.loc 1 412 0
 674 0098 8050      		subi r24,lo8(HID_MediaInterface)
 675 009a 9040      		sbci r25,hi8(HID_MediaInterface)
 676 009c 01F4      		brne .L36
 677               	.LVL44:
 678               	.LBB88:
 415:Arduino-keyboard.c ****             if (MediaQueue_Pop(&currentMediaUsage)) {
 679               		.loc 1 415 0
 680 009e 8091 0000 		lds r24,MediaState
 681               	.LVL45:
 682 00a2 8111      		cpse r24,__zero_reg__
 683 00a4 00C0      		rjmp .L37
 684               	.LVL46:
 685               	.LBB86:
 686               	.LBB87:
 263:Arduino-keyboard.c ****     *Usage = MediaQueue[MediaHead];
 687               		.loc 1 263 0
 688 00a6 9091 0000 		lds r25,MediaHead
 689 00aa 8091 0000 		lds r24,MediaTail
 690 00ae 9817      		cp r25,r24
 691 00b0 01F0      		breq .L38
 264:Arduino-keyboard.c ****     MediaHead = (MediaHead + 1) % MEDIA_QUEUE_SIZE;
 692               		.loc 1 264 0
 693 00b2 E091 0000 		lds r30,MediaHead
 694 00b6 F0E0      		ldi r31,0
 695 00b8 EE0F      		lsl r30
 696 00ba FF1F      		rol r31
 697 00bc E050      		subi r30,lo8(-(MediaQueue))
 698 00be F040      		sbci r31,hi8(-(MediaQueue))
 699 00c0 4081      		ld r20,Z
 700 00c2 5181      		ldd r21,Z+1
 701 00c4 5093 0000 		sts currentMediaUsage+1,r21
 702 00c8 4093 0000 		sts currentMediaUsage,r20
 265:Arduino-keyboard.c ****     return true;
 703               		.loc 1 265 0
 704 00cc 8091 0000 		lds r24,MediaHead
 705 00d0 90E0      		ldi r25,0
 706 00d2 0196      		adiw r24,1
 707 00d4 8F70      		andi r24,15
 708 00d6 9927      		clr r25
 709 00d8 8093 0000 		sts MediaHead,r24
 710               	.LVL47:
 711               	.LBE87:
 712               	.LBE86:
 417:Arduino-keyboard.c ****                 MediaState = MEDIA_SEND_RELEASE;
 713               		.loc 1 417 0
 714 00dc F901      		movw r30,r18
 715 00de 5183      		std Z+1,r21
 716 00e0 4083      		st Z,r20
 418:Arduino-keyboard.c ****                 *ReportSize = sizeof(USB_MediaReport_Data_t);
 717               		.loc 1 418 0
 718 00e2 81E0      		ldi r24,lo8(1)
 719 00e4 8093 0000 		sts MediaState,r24
 720               	.L40:
 426:Arduino-keyboard.c ****             return true;
 721               		.loc 1 426 0
 722 00e8 82E0      		ldi r24,lo8(2)
 723 00ea 90E0      		ldi r25,0
 724 00ec 00C0      		rjmp .L41
 725               	.L37:
 423:Arduino-keyboard.c ****             MediaReport->Usage = 0x0000;
 726               		.loc 1 423 0
 727 00ee 8130      		cpi r24,lo8(1)
 728 00f0 01F4      		brne .L38
 424:Arduino-keyboard.c ****             MediaState = MEDIA_IDLE;
 729               		.loc 1 424 0
 730 00f2 F901      		movw r30,r18
 731 00f4 1182      		std Z+1,__zero_reg__
 732 00f6 1082      		st Z,__zero_reg__
 425:Arduino-keyboard.c ****             *ReportSize = sizeof(USB_MediaReport_Data_t);
 733               		.loc 1 425 0
 734 00f8 1092 0000 		sts MediaState,__zero_reg__
 735 00fc 00C0      		rjmp .L40
 736               	.L38:
 430:Arduino-keyboard.c ****         *ReportSize = sizeof(USB_MediaReport_Data_t);
 737               		.loc 1 430 0
 738 00fe F901      		movw r30,r18
 739 0100 1182      		std Z+1,__zero_reg__
 740 0102 1082      		st Z,__zero_reg__
 431:Arduino-keyboard.c ****         return false;
 741               		.loc 1 431 0
 742 0104 82E0      		ldi r24,lo8(2)
 743 0106 90E0      		ldi r25,0
 744 0108 F801      		movw r30,r16
 745 010a 9183      		std Z+1,r25
 746 010c 8083      		st Z,r24
 747               	.LVL48:
 748               	.L39:
 749               	.LBE88:
 436:Arduino-keyboard.c **** }
 750               		.loc 1 436 0
 751 010e 80E0      		ldi r24,0
 752 0110 00C0      		rjmp .L31
 753               		.cfi_endproc
 754               	.LFE100:
 756               		.section	.text.CALLBACK_HID_Device_ProcessHIDReport,"ax",@progbits
 757               	.global	CALLBACK_HID_Device_ProcessHIDReport
 759               	CALLBACK_HID_Device_ProcessHIDReport:
 760               	.LFB101:
 438:Arduino-keyboard.c **** 
 439:Arduino-keyboard.c **** void CALLBACK_HID_Device_ProcessHIDReport(USB_ClassInfo_HID_Device_t* const HIDInterfaceInfo,
 440:Arduino-keyboard.c ****                                           const uint8_t ReportID,
 441:Arduino-keyboard.c ****                                           const uint8_t ReportType,
 442:Arduino-keyboard.c ****                                           const void* ReportData,
 443:Arduino-keyboard.c ****                                           const uint16_t ReportSize)
 444:Arduino-keyboard.c **** { }
 761               		.loc 1 444 0
 762               		.cfi_startproc
 763               	.LVL49:
 764               	/* prologue: function */
 765               	/* frame size = 0 */
 766               	/* stack size = 0 */
 767               	.L__stack_usage = 0
 768               	/* epilogue start */
 769               		.loc 1 444 0
 770 0000 0895      		ret
 771               		.cfi_endproc
 772               	.LFE101:
 774               		.section	.text.EVENT_USB_Device_ConfigurationChanged,"ax",@progbits
 775               	.global	EVENT_USB_Device_ConfigurationChanged
 777               	EVENT_USB_Device_ConfigurationChanged:
 778               	.LFB102:
 445:Arduino-keyboard.c **** 
 446:Arduino-keyboard.c **** void EVENT_USB_Device_ConfigurationChanged(void) {
 779               		.loc 1 446 0
 780               		.cfi_startproc
 781               	/* prologue: function */
 782               	/* frame size = 0 */
 783               	/* stack size = 0 */
 784               	.L__stack_usage = 0
 447:Arduino-keyboard.c ****     HID_Device_ConfigureEndpoints(&HID_KeyboardInterface);
 785               		.loc 1 447 0
 786 0000 80E0      		ldi r24,lo8(HID_KeyboardInterface)
 787 0002 90E0      		ldi r25,hi8(HID_KeyboardInterface)
 788 0004 0E94 0000 		call HID_Device_ConfigureEndpoints
 789               	.LVL50:
 448:Arduino-keyboard.c ****     HID_Device_ConfigureEndpoints(&HID_MediaInterface);
 790               		.loc 1 448 0
 791 0008 80E0      		ldi r24,lo8(HID_MediaInterface)
 792 000a 90E0      		ldi r25,hi8(HID_MediaInterface)
 793 000c 0E94 0000 		call HID_Device_ConfigureEndpoints
 794               	.LVL51:
 795               	.LBB89:
 796               	.LBB90:
 797               		.file 5 "./LUFA/Drivers/USB/HighLevel/../LowLevel/Device.h"
   1:./LUFA/Drivers/USB/HighLevel/../LowLevel/Device.h **** /*
   2:./LUFA/Drivers/USB/HighLevel/../LowLevel/Device.h ****              LUFA Library
   3:./LUFA/Drivers/USB/HighLevel/../LowLevel/Device.h ****      Copyright (C) Dean Camera, 2010.
   4:./LUFA/Drivers/USB/HighLevel/../LowLevel/Device.h ****               
   5:./LUFA/Drivers/USB/HighLevel/../LowLevel/Device.h ****   dean [at] fourwalledcubicle [dot] com
   6:./LUFA/Drivers/USB/HighLevel/../LowLevel/Device.h ****       www.fourwalledcubicle.com
   7:./LUFA/Drivers/USB/HighLevel/../LowLevel/Device.h **** */
   8:./LUFA/Drivers/USB/HighLevel/../LowLevel/Device.h **** 
   9:./LUFA/Drivers/USB/HighLevel/../LowLevel/Device.h **** /*
  10:./LUFA/Drivers/USB/HighLevel/../LowLevel/Device.h ****   Copyright 2010  Dean Camera (dean [at] fourwalledcubicle [dot] com)
  11:./LUFA/Drivers/USB/HighLevel/../LowLevel/Device.h **** 
  12:./LUFA/Drivers/USB/HighLevel/../LowLevel/Device.h ****   Permission to use, copy, modify, distribute, and sell this 
  13:./LUFA/Drivers/USB/HighLevel/../LowLevel/Device.h ****   software and its documentation for any purpose is hereby granted
  14:./LUFA/Drivers/USB/HighLevel/../LowLevel/Device.h ****   without fee, provided that the above copyright notice appear in 
  15:./LUFA/Drivers/USB/HighLevel/../LowLevel/Device.h ****   all copies and that both that the copyright notice and this
  16:./LUFA/Drivers/USB/HighLevel/../LowLevel/Device.h ****   permission notice and warranty disclaimer appear in supporting 
  17:./LUFA/Drivers/USB/HighLevel/../LowLevel/Device.h ****   documentation, and that the name of the author not be used in 
  18:./LUFA/Drivers/USB/HighLevel/../LowLevel/Device.h ****   advertising or publicity pertaining to distribution of the 
  19:./LUFA/Drivers/USB/HighLevel/../LowLevel/Device.h ****   software without specific, written prior permission.
  20:./LUFA/Drivers/USB/HighLevel/../LowLevel/Device.h **** 
  21:./LUFA/Drivers/USB/HighLevel/../LowLevel/Device.h ****   The author disclaim all warranties with regard to this
  22:./LUFA/Drivers/USB/HighLevel/../LowLevel/Device.h ****   software, including all implied warranties of merchantability
  23:./LUFA/Drivers/USB/HighLevel/../LowLevel/Device.h ****   and fitness.  In no event shall the author be liable for any
  24:./LUFA/Drivers/USB/HighLevel/../LowLevel/Device.h ****   special, indirect or consequential damages or any damages
  25:./LUFA/Drivers/USB/HighLevel/../LowLevel/Device.h ****   whatsoever resulting from loss of use, data or profits, whether
  26:./LUFA/Drivers/USB/HighLevel/../LowLevel/Device.h ****   in an action of contract, negligence or other tortious action,
  27:./LUFA/Drivers/USB/HighLevel/../LowLevel/Device.h ****   arising out of or in connection with the use or performance of
  28:./LUFA/Drivers/USB/HighLevel/../LowLevel/Device.h ****   this software.
  29:./LUFA/Drivers/USB/HighLevel/../LowLevel/Device.h **** */
  30:./LUFA/Drivers/USB/HighLevel/../LowLevel/Device.h **** 
  31:./LUFA/Drivers/USB/HighLevel/../LowLevel/Device.h **** /** \file
  32:./LUFA/Drivers/USB/HighLevel/../LowLevel/Device.h ****  *  \brief USB device mode definitions.
  33:./LUFA/Drivers/USB/HighLevel/../LowLevel/Device.h ****  *
  34:./LUFA/Drivers/USB/HighLevel/../LowLevel/Device.h ****  *  This file contains structures, function prototypes and macros related to USB device mode.
  35:./LUFA/Drivers/USB/HighLevel/../LowLevel/Device.h ****  *
  36:./LUFA/Drivers/USB/HighLevel/../LowLevel/Device.h ****  *  \note This file should not be included directly. It is automatically included as needed by the 
  37:./LUFA/Drivers/USB/HighLevel/../LowLevel/Device.h ****  *        dispatch header located in LUFA/Drivers/USB/USB.h.
  38:./LUFA/Drivers/USB/HighLevel/../LowLevel/Device.h ****  */
  39:./LUFA/Drivers/USB/HighLevel/../LowLevel/Device.h **** 
  40:./LUFA/Drivers/USB/HighLevel/../LowLevel/Device.h **** /** \ingroup Group_USB
  41:./LUFA/Drivers/USB/HighLevel/../LowLevel/Device.h ****  *  @defgroup Group_Device Device Management
  42:./LUFA/Drivers/USB/HighLevel/../LowLevel/Device.h ****  *
  43:./LUFA/Drivers/USB/HighLevel/../LowLevel/Device.h ****  *  USB Device mode related macros and enums. This module contains macros and enums which are used 
  44:./LUFA/Drivers/USB/HighLevel/../LowLevel/Device.h ****  *  the USB controller is initialized in device mode.
  45:./LUFA/Drivers/USB/HighLevel/../LowLevel/Device.h ****  *
  46:./LUFA/Drivers/USB/HighLevel/../LowLevel/Device.h ****  *  @{
  47:./LUFA/Drivers/USB/HighLevel/../LowLevel/Device.h ****  */
  48:./LUFA/Drivers/USB/HighLevel/../LowLevel/Device.h **** 
  49:./LUFA/Drivers/USB/HighLevel/../LowLevel/Device.h **** #ifndef __USBDEVICE_H__
  50:./LUFA/Drivers/USB/HighLevel/../LowLevel/Device.h **** #define __USBDEVICE_H__
  51:./LUFA/Drivers/USB/HighLevel/../LowLevel/Device.h **** 
  52:./LUFA/Drivers/USB/HighLevel/../LowLevel/Device.h **** 	/* Includes: */
  53:./LUFA/Drivers/USB/HighLevel/../LowLevel/Device.h **** 		#include <avr/io.h>
  54:./LUFA/Drivers/USB/HighLevel/../LowLevel/Device.h **** 		#include <avr/pgmspace.h>
  55:./LUFA/Drivers/USB/HighLevel/../LowLevel/Device.h **** 		#include <avr/eeprom.h>
  56:./LUFA/Drivers/USB/HighLevel/../LowLevel/Device.h **** 
  57:./LUFA/Drivers/USB/HighLevel/../LowLevel/Device.h **** 		#include "../../../Common/Common.h"	
  58:./LUFA/Drivers/USB/HighLevel/../LowLevel/Device.h **** 		#include "../HighLevel/StdDescriptors.h"
  59:./LUFA/Drivers/USB/HighLevel/../LowLevel/Device.h **** 		#include "USBInterrupt.h"
  60:./LUFA/Drivers/USB/HighLevel/../LowLevel/Device.h **** 		#include "Endpoint.h"
  61:./LUFA/Drivers/USB/HighLevel/../LowLevel/Device.h **** 
  62:./LUFA/Drivers/USB/HighLevel/../LowLevel/Device.h **** 	/* Preprocessor Checks: */
  63:./LUFA/Drivers/USB/HighLevel/../LowLevel/Device.h **** 		#if (defined(USE_RAM_DESCRIPTORS) && defined(USE_EEPROM_DESCRIPTORS))
  64:./LUFA/Drivers/USB/HighLevel/../LowLevel/Device.h **** 			#error USE_RAM_DESCRIPTORS and USE_EEPROM_DESCRIPTORS are mutually exclusive.
  65:./LUFA/Drivers/USB/HighLevel/../LowLevel/Device.h **** 		#endif
  66:./LUFA/Drivers/USB/HighLevel/../LowLevel/Device.h **** 
  67:./LUFA/Drivers/USB/HighLevel/../LowLevel/Device.h **** 		#if !defined(__INCLUDE_FROM_USB_DRIVER)
  68:./LUFA/Drivers/USB/HighLevel/../LowLevel/Device.h **** 			#error Do not include this file directly. Include LUFA/Drivers/USB/USB.h instead.
  69:./LUFA/Drivers/USB/HighLevel/../LowLevel/Device.h **** 		#endif
  70:./LUFA/Drivers/USB/HighLevel/../LowLevel/Device.h **** 			
  71:./LUFA/Drivers/USB/HighLevel/../LowLevel/Device.h **** 	/* Public Interface - May be used in end-application: */
  72:./LUFA/Drivers/USB/HighLevel/../LowLevel/Device.h **** 		/* Macros: */
  73:./LUFA/Drivers/USB/HighLevel/../LowLevel/Device.h **** 			#if defined(USB_SERIES_4_AVR) || defined(USB_SERIES_6_AVR) || defined(USB_SERIES_7_AVR) || defin
  74:./LUFA/Drivers/USB/HighLevel/../LowLevel/Device.h **** 				/** Mask for the Options parameter of the \ref USB_Init() function. This indicates that the
  75:./LUFA/Drivers/USB/HighLevel/../LowLevel/Device.h **** 				 *  USB interface should be initialized in low speed (1.5Mb/s) mode.
  76:./LUFA/Drivers/USB/HighLevel/../LowLevel/Device.h **** 				 *
  77:./LUFA/Drivers/USB/HighLevel/../LowLevel/Device.h **** 				 *  \note Low Speed mode is not available on all USB AVR models.
  78:./LUFA/Drivers/USB/HighLevel/../LowLevel/Device.h **** 				 *        \n\n
  79:./LUFA/Drivers/USB/HighLevel/../LowLevel/Device.h **** 				 *
  80:./LUFA/Drivers/USB/HighLevel/../LowLevel/Device.h **** 				 *  \note Restrictions apply on the number, size and type of endpoints which can be used
  81:./LUFA/Drivers/USB/HighLevel/../LowLevel/Device.h **** 				 *        when running in low speed mode -- refer to the USB 2.0 standard.
  82:./LUFA/Drivers/USB/HighLevel/../LowLevel/Device.h **** 				 */
  83:./LUFA/Drivers/USB/HighLevel/../LowLevel/Device.h **** 				#define USB_DEVICE_OPT_LOWSPEED            (1 << 0)
  84:./LUFA/Drivers/USB/HighLevel/../LowLevel/Device.h **** 			#endif
  85:./LUFA/Drivers/USB/HighLevel/../LowLevel/Device.h **** 			
  86:./LUFA/Drivers/USB/HighLevel/../LowLevel/Device.h **** 			/** Mask for the Options parameter of the \ref USB_Init() function. This indicates that the
  87:./LUFA/Drivers/USB/HighLevel/../LowLevel/Device.h **** 			 *  USB interface should be initialized in full speed (12Mb/s) mode.
  88:./LUFA/Drivers/USB/HighLevel/../LowLevel/Device.h **** 			 */
  89:./LUFA/Drivers/USB/HighLevel/../LowLevel/Device.h **** 			#define USB_DEVICE_OPT_FULLSPEED               (0 << 0)
  90:./LUFA/Drivers/USB/HighLevel/../LowLevel/Device.h **** 
  91:./LUFA/Drivers/USB/HighLevel/../LowLevel/Device.h **** 		/* Function Prototypes: */
  92:./LUFA/Drivers/USB/HighLevel/../LowLevel/Device.h **** 			/** Sends a Remote Wakeup request to the host. This signals to the host that the device should
  93:./LUFA/Drivers/USB/HighLevel/../LowLevel/Device.h **** 			 *  be taken out of suspended mode, and communications should resume.
  94:./LUFA/Drivers/USB/HighLevel/../LowLevel/Device.h **** 			 *
  95:./LUFA/Drivers/USB/HighLevel/../LowLevel/Device.h **** 			 *  Typically, this is implemented so that HID devices (mice, keyboards, etc.) can wake up the
  96:./LUFA/Drivers/USB/HighLevel/../LowLevel/Device.h **** 			 *  host computer when the host has suspended all USB devices to enter a low power state.
  97:./LUFA/Drivers/USB/HighLevel/../LowLevel/Device.h **** 			 *
  98:./LUFA/Drivers/USB/HighLevel/../LowLevel/Device.h **** 			 *  \note This macro should only be used if the device has indicated to the host that it
  99:./LUFA/Drivers/USB/HighLevel/../LowLevel/Device.h **** 			 *        supports the Remote Wakeup feature in the device descriptors, and should only be
 100:./LUFA/Drivers/USB/HighLevel/../LowLevel/Device.h **** 			 *        issued if the host is currently allowing remote wakeup events from the device (i.e.,
 101:./LUFA/Drivers/USB/HighLevel/../LowLevel/Device.h **** 			 *        the \ref USB_RemoteWakeupEnabled flag is set). When the NO_DEVICE_REMOTE_WAKEUP compil
 102:./LUFA/Drivers/USB/HighLevel/../LowLevel/Device.h **** 			 *        time option is used, this macro is unavailable.
 103:./LUFA/Drivers/USB/HighLevel/../LowLevel/Device.h **** 			 *        \n
 104:./LUFA/Drivers/USB/HighLevel/../LowLevel/Device.h **** 			 *
 105:./LUFA/Drivers/USB/HighLevel/../LowLevel/Device.h **** 			 *  \note The USB clock must be running for this function to operate. If the stack is initialize
 106:./LUFA/Drivers/USB/HighLevel/../LowLevel/Device.h **** 			 *        the \ref USB_OPT_MANUAL_PLL option enabled, the user must ensure that the PLL is runni
 107:./LUFA/Drivers/USB/HighLevel/../LowLevel/Device.h **** 			 *        before attempting to call this function.
 108:./LUFA/Drivers/USB/HighLevel/../LowLevel/Device.h **** 			 *
 109:./LUFA/Drivers/USB/HighLevel/../LowLevel/Device.h **** 			 *  \see \ref Group_Descriptors for more information on the RMWAKEUP feature and device descript
 110:./LUFA/Drivers/USB/HighLevel/../LowLevel/Device.h **** 			 */
 111:./LUFA/Drivers/USB/HighLevel/../LowLevel/Device.h **** 			void USB_Device_SendRemoteWakeup(void);
 112:./LUFA/Drivers/USB/HighLevel/../LowLevel/Device.h **** 			
 113:./LUFA/Drivers/USB/HighLevel/../LowLevel/Device.h **** 		/* Type Defines: */
 114:./LUFA/Drivers/USB/HighLevel/../LowLevel/Device.h **** 			enum USB_Device_States_t
 115:./LUFA/Drivers/USB/HighLevel/../LowLevel/Device.h **** 			{
 116:./LUFA/Drivers/USB/HighLevel/../LowLevel/Device.h **** 				DEVICE_STATE_Unattached                   = 0, /**< Internally implemented by the library. This
 117:./LUFA/Drivers/USB/HighLevel/../LowLevel/Device.h **** 				                                                *   that the device is not currently connected 
 118:./LUFA/Drivers/USB/HighLevel/../LowLevel/Device.h **** 				                                                */
 119:./LUFA/Drivers/USB/HighLevel/../LowLevel/Device.h **** 				DEVICE_STATE_Powered                      = 1, /**< Internally implemented by the library. This
 120:./LUFA/Drivers/USB/HighLevel/../LowLevel/Device.h **** 				                                                *   that the device is connected to a host, but
 121:./LUFA/Drivers/USB/HighLevel/../LowLevel/Device.h **** 				                                                *   yet begun.
 122:./LUFA/Drivers/USB/HighLevel/../LowLevel/Device.h **** 				                                                */
 123:./LUFA/Drivers/USB/HighLevel/../LowLevel/Device.h **** 				DEVICE_STATE_Default                      = 2, /**< Internally implemented by the library. This
 124:./LUFA/Drivers/USB/HighLevel/../LowLevel/Device.h **** 				                                                *   that the device's USB bus has been reset by
 125:./LUFA/Drivers/USB/HighLevel/../LowLevel/Device.h **** 				                                                *   now waiting for the host to begin the enume
 126:./LUFA/Drivers/USB/HighLevel/../LowLevel/Device.h **** 				                                                */
 127:./LUFA/Drivers/USB/HighLevel/../LowLevel/Device.h **** 				DEVICE_STATE_Addressed                    = 3, /**< Internally implemented by the library. This
 128:./LUFA/Drivers/USB/HighLevel/../LowLevel/Device.h **** 				                                                *   that the device has been addressed by the U
 129:./LUFA/Drivers/USB/HighLevel/../LowLevel/Device.h **** 				                                                *   yet configured.
 130:./LUFA/Drivers/USB/HighLevel/../LowLevel/Device.h **** 				                                                */
 131:./LUFA/Drivers/USB/HighLevel/../LowLevel/Device.h **** 				DEVICE_STATE_Configured                   = 4, /**< May be implemented by the user project. Thi
 132:./LUFA/Drivers/USB/HighLevel/../LowLevel/Device.h **** 				                                                *   that the device has been enumerated by the 
 133:./LUFA/Drivers/USB/HighLevel/../LowLevel/Device.h **** 				                                                *   for USB communications to begin.
 134:./LUFA/Drivers/USB/HighLevel/../LowLevel/Device.h **** 				                                                */
 135:./LUFA/Drivers/USB/HighLevel/../LowLevel/Device.h **** 				DEVICE_STATE_Suspended                    = 5, /**< May be implemented by the user project. Thi
 136:./LUFA/Drivers/USB/HighLevel/../LowLevel/Device.h **** 				                                                *   that the USB bus has been suspended by the 
 137:./LUFA/Drivers/USB/HighLevel/../LowLevel/Device.h **** 				                                                *   should power down to a minimal power level 
 138:./LUFA/Drivers/USB/HighLevel/../LowLevel/Device.h **** 				                                                *   resumed.
 139:./LUFA/Drivers/USB/HighLevel/../LowLevel/Device.h **** 				                                                */
 140:./LUFA/Drivers/USB/HighLevel/../LowLevel/Device.h **** 			};
 141:./LUFA/Drivers/USB/HighLevel/../LowLevel/Device.h **** 			
 142:./LUFA/Drivers/USB/HighLevel/../LowLevel/Device.h **** 		/* Inline Functions: */
 143:./LUFA/Drivers/USB/HighLevel/../LowLevel/Device.h **** 			/** Enables the device mode Start Of Frame events. When enabled, this causes the
 144:./LUFA/Drivers/USB/HighLevel/../LowLevel/Device.h **** 			 *  \ref EVENT_USB_Device_StartOfFrame() event to fire once per millisecond, synchronized to the
 145:./LUFA/Drivers/USB/HighLevel/../LowLevel/Device.h **** 			 *  at the start of each USB frame when enumerated in device mode.
 146:./LUFA/Drivers/USB/HighLevel/../LowLevel/Device.h **** 			 */
 147:./LUFA/Drivers/USB/HighLevel/../LowLevel/Device.h **** 			static inline void USB_Device_EnableSOFEvents(void) ATTR_ALWAYS_INLINE;
 148:./LUFA/Drivers/USB/HighLevel/../LowLevel/Device.h **** 			static inline void USB_Device_EnableSOFEvents(void)
 149:./LUFA/Drivers/USB/HighLevel/../LowLevel/Device.h **** 			{
 150:./LUFA/Drivers/USB/HighLevel/../LowLevel/Device.h **** 				USB_INT_Enable(USB_INT_SOFI);
 798               		.loc 5 150 0
 799 0010 E2EE      		ldi r30,lo8(-30)
 800 0012 F0E0      		ldi r31,0
 801 0014 8081      		ld r24,Z
 802 0016 8460      		ori r24,lo8(4)
 803 0018 8083      		st Z,r24
 804               	/* epilogue start */
 805               	.LBE90:
 806               	.LBE89:
 449:Arduino-keyboard.c ****     USB_Device_EnableSOFEvents();
 450:Arduino-keyboard.c **** }
 807               		.loc 1 450 0
 808 001a 0895      		ret
 809               		.cfi_endproc
 810               	.LFE102:
 812               		.section	.text.EVENT_USB_Device_UnhandledControlRequest,"ax",@progbits
 813               	.global	EVENT_USB_Device_UnhandledControlRequest
 815               	EVENT_USB_Device_UnhandledControlRequest:
 816               	.LFB103:
 451:Arduino-keyboard.c **** 
 452:Arduino-keyboard.c **** void EVENT_USB_Device_UnhandledControlRequest(void) {
 817               		.loc 1 452 0
 818               		.cfi_startproc
 819               	/* prologue: function */
 820               	/* frame size = 0 */
 821               	/* stack size = 0 */
 822               	.L__stack_usage = 0
 453:Arduino-keyboard.c ****     HID_Device_ProcessControlRequest(&HID_KeyboardInterface);
 823               		.loc 1 453 0
 824 0000 80E0      		ldi r24,lo8(HID_KeyboardInterface)
 825 0002 90E0      		ldi r25,hi8(HID_KeyboardInterface)
 826 0004 0E94 0000 		call HID_Device_ProcessControlRequest
 827               	.LVL52:
 454:Arduino-keyboard.c ****     HID_Device_ProcessControlRequest(&HID_MediaInterface);
 828               		.loc 1 454 0
 829 0008 80E0      		ldi r24,lo8(HID_MediaInterface)
 830 000a 90E0      		ldi r25,hi8(HID_MediaInterface)
 831 000c 0C94 0000 		jmp HID_Device_ProcessControlRequest
 832               	.LVL53:
 833               		.cfi_endproc
 834               	.LFE103:
 836               		.section	.text.EVENT_USB_Device_StartOfFrame,"ax",@progbits
 837               	.global	EVENT_USB_Device_StartOfFrame
 839               	EVENT_USB_Device_StartOfFrame:
 840               	.LFB104:
 455:Arduino-keyboard.c **** }
 456:Arduino-keyboard.c **** 
 457:Arduino-keyboard.c **** void EVENT_USB_Device_StartOfFrame(void) {
 841               		.loc 1 457 0
 842               		.cfi_startproc
 843               	/* prologue: function */
 844               	/* frame size = 0 */
 845               	/* stack size = 0 */
 846               	.L__stack_usage = 0
 847               	.LVL54:
 848               	.LBB91:
 849               	.LBB92:
 850               		.file 6 "./LUFA/Drivers/USB/Class/Device/HID.h"
   1:./LUFA/Drivers/USB/Class/Device/HID.h **** /*
   2:./LUFA/Drivers/USB/Class/Device/HID.h ****              LUFA Library
   3:./LUFA/Drivers/USB/Class/Device/HID.h ****      Copyright (C) Dean Camera, 2010.
   4:./LUFA/Drivers/USB/Class/Device/HID.h ****               
   5:./LUFA/Drivers/USB/Class/Device/HID.h ****   dean [at] fourwalledcubicle [dot] com
   6:./LUFA/Drivers/USB/Class/Device/HID.h ****       www.fourwalledcubicle.com
   7:./LUFA/Drivers/USB/Class/Device/HID.h **** */
   8:./LUFA/Drivers/USB/Class/Device/HID.h **** 
   9:./LUFA/Drivers/USB/Class/Device/HID.h **** /*
  10:./LUFA/Drivers/USB/Class/Device/HID.h ****   Copyright 2010  Dean Camera (dean [at] fourwalledcubicle [dot] com)
  11:./LUFA/Drivers/USB/Class/Device/HID.h **** 
  12:./LUFA/Drivers/USB/Class/Device/HID.h ****   Permission to use, copy, modify, distribute, and sell this 
  13:./LUFA/Drivers/USB/Class/Device/HID.h ****   software and its documentation for any purpose is hereby granted
  14:./LUFA/Drivers/USB/Class/Device/HID.h ****   without fee, provided that the above copyright notice appear in 
  15:./LUFA/Drivers/USB/Class/Device/HID.h ****   all copies and that both that the copyright notice and this
  16:./LUFA/Drivers/USB/Class/Device/HID.h ****   permission notice and warranty disclaimer appear in supporting 
  17:./LUFA/Drivers/USB/Class/Device/HID.h ****   documentation, and that the name of the author not be used in 
  18:./LUFA/Drivers/USB/Class/Device/HID.h ****   advertising or publicity pertaining to distribution of the 
  19:./LUFA/Drivers/USB/Class/Device/HID.h ****   software without specific, written prior permission.
  20:./LUFA/Drivers/USB/Class/Device/HID.h **** 
  21:./LUFA/Drivers/USB/Class/Device/HID.h ****   The author disclaim all warranties with regard to this
  22:./LUFA/Drivers/USB/Class/Device/HID.h ****   software, including all implied warranties of merchantability
  23:./LUFA/Drivers/USB/Class/Device/HID.h ****   and fitness.  In no event shall the author be liable for any
  24:./LUFA/Drivers/USB/Class/Device/HID.h ****   special, indirect or consequential damages or any damages
  25:./LUFA/Drivers/USB/Class/Device/HID.h ****   whatsoever resulting from loss of use, data or profits, whether
  26:./LUFA/Drivers/USB/Class/Device/HID.h ****   in an action of contract, negligence or other tortious action,
  27:./LUFA/Drivers/USB/Class/Device/HID.h ****   arising out of or in connection with the use or performance of
  28:./LUFA/Drivers/USB/Class/Device/HID.h ****   this software.
  29:./LUFA/Drivers/USB/Class/Device/HID.h **** */
  30:./LUFA/Drivers/USB/Class/Device/HID.h **** 
  31:./LUFA/Drivers/USB/Class/Device/HID.h **** /** \file
  32:./LUFA/Drivers/USB/Class/Device/HID.h ****  *  \brief Device mode driver for the library USB HID Class driver.
  33:./LUFA/Drivers/USB/Class/Device/HID.h ****  *
  34:./LUFA/Drivers/USB/Class/Device/HID.h ****  *  Device mode driver for the library USB HID Class driver.
  35:./LUFA/Drivers/USB/Class/Device/HID.h ****  *
  36:./LUFA/Drivers/USB/Class/Device/HID.h ****  *  \note This file should not be included directly. It is automatically included as needed by the 
  37:./LUFA/Drivers/USB/Class/Device/HID.h ****  *        dispatch header located in LUFA/Drivers/USB/Class/HID.h.
  38:./LUFA/Drivers/USB/Class/Device/HID.h ****  */
  39:./LUFA/Drivers/USB/Class/Device/HID.h **** 
  40:./LUFA/Drivers/USB/Class/Device/HID.h **** /** \ingroup Group_USBClassHID
  41:./LUFA/Drivers/USB/Class/Device/HID.h ****  *  @defgroup Group_USBClassHIDDevice HID Class Device Mode Driver
  42:./LUFA/Drivers/USB/Class/Device/HID.h ****  *
  43:./LUFA/Drivers/USB/Class/Device/HID.h ****  *  \section Sec_Dependencies Module Source Dependencies
  44:./LUFA/Drivers/USB/Class/Device/HID.h ****  *  The following files must be built with any user project that uses this module:
  45:./LUFA/Drivers/USB/Class/Device/HID.h ****  *    - LUFA/Drivers/USB/Class/Device/HID.c <i>(Makefile source module name: LUFA_SRC_USBCLASS)</i>
  46:./LUFA/Drivers/USB/Class/Device/HID.h ****  *
  47:./LUFA/Drivers/USB/Class/Device/HID.h ****  *  \section Module Description
  48:./LUFA/Drivers/USB/Class/Device/HID.h ****  *  Device Mode USB Class driver framework interface, for the HID USB Class driver.
  49:./LUFA/Drivers/USB/Class/Device/HID.h ****  *
  50:./LUFA/Drivers/USB/Class/Device/HID.h ****  *  @{
  51:./LUFA/Drivers/USB/Class/Device/HID.h ****  */
  52:./LUFA/Drivers/USB/Class/Device/HID.h ****  
  53:./LUFA/Drivers/USB/Class/Device/HID.h **** #ifndef _HID_CLASS_DEVICE_H_
  54:./LUFA/Drivers/USB/Class/Device/HID.h **** #define _HID_CLASS_DEVICE_H_
  55:./LUFA/Drivers/USB/Class/Device/HID.h **** 
  56:./LUFA/Drivers/USB/Class/Device/HID.h **** 	/* Includes: */
  57:./LUFA/Drivers/USB/Class/Device/HID.h **** 		#include "../../USB.h"
  58:./LUFA/Drivers/USB/Class/Device/HID.h **** 		#include "../Common/HID.h"
  59:./LUFA/Drivers/USB/Class/Device/HID.h **** 
  60:./LUFA/Drivers/USB/Class/Device/HID.h **** 		#include <string.h>
  61:./LUFA/Drivers/USB/Class/Device/HID.h **** 
  62:./LUFA/Drivers/USB/Class/Device/HID.h **** 	/* Enable C linkage for C++ Compilers: */
  63:./LUFA/Drivers/USB/Class/Device/HID.h **** 		#if defined(__cplusplus)
  64:./LUFA/Drivers/USB/Class/Device/HID.h **** 			extern "C" {
  65:./LUFA/Drivers/USB/Class/Device/HID.h **** 		#endif
  66:./LUFA/Drivers/USB/Class/Device/HID.h **** 
  67:./LUFA/Drivers/USB/Class/Device/HID.h **** 	/* Preprocessor Checks: */
  68:./LUFA/Drivers/USB/Class/Device/HID.h **** 		#if !defined(__INCLUDE_FROM_HID_DRIVER)
  69:./LUFA/Drivers/USB/Class/Device/HID.h **** 			#error Do not include this file directly. Include LUFA/Drivers/Class/HID.h instead.
  70:./LUFA/Drivers/USB/Class/Device/HID.h **** 		#endif
  71:./LUFA/Drivers/USB/Class/Device/HID.h **** 
  72:./LUFA/Drivers/USB/Class/Device/HID.h **** 	/* Public Interface - May be used in end-application: */
  73:./LUFA/Drivers/USB/Class/Device/HID.h **** 		/* Type Defines: */
  74:./LUFA/Drivers/USB/Class/Device/HID.h **** 			/** \brief HID Class Device Mode Configuration and State Structure.
  75:./LUFA/Drivers/USB/Class/Device/HID.h **** 			 *
  76:./LUFA/Drivers/USB/Class/Device/HID.h **** 			 *  Class state structure. An instance of this structure should be made for each HID interface
  77:./LUFA/Drivers/USB/Class/Device/HID.h **** 			 *  within the user application, and passed to each of the HID class driver functions as the
  78:./LUFA/Drivers/USB/Class/Device/HID.h **** 			 *  HIDInterfaceInfo parameter. This stores each HID interface's configuration and state informa
  79:./LUFA/Drivers/USB/Class/Device/HID.h **** 			 *
  80:./LUFA/Drivers/USB/Class/Device/HID.h **** 			 *  \note Due to technical limitations, the HID device class driver does not utilize a separate 
  81:./LUFA/Drivers/USB/Class/Device/HID.h **** 			 *        endpoint for host->device communications. Instead, the host->device data (if any) is s
  82:./LUFA/Drivers/USB/Class/Device/HID.h **** 			 *        the device via the control endpoint.
  83:./LUFA/Drivers/USB/Class/Device/HID.h **** 			 */
  84:./LUFA/Drivers/USB/Class/Device/HID.h **** 			typedef struct
  85:./LUFA/Drivers/USB/Class/Device/HID.h **** 			{
  86:./LUFA/Drivers/USB/Class/Device/HID.h **** 				const struct
  87:./LUFA/Drivers/USB/Class/Device/HID.h **** 				{
  88:./LUFA/Drivers/USB/Class/Device/HID.h **** 					uint8_t  InterfaceNumber; /**< Interface number of the HID interface within the device. */
  89:./LUFA/Drivers/USB/Class/Device/HID.h **** 
  90:./LUFA/Drivers/USB/Class/Device/HID.h **** 					uint8_t  ReportINEndpointNumber; /**< Endpoint number of the HID interface's IN report endpoin
  91:./LUFA/Drivers/USB/Class/Device/HID.h **** 					uint16_t ReportINEndpointSize; /**< Size in bytes of the HID interface's IN report endpoint. *
  92:./LUFA/Drivers/USB/Class/Device/HID.h **** 					bool     ReportINEndpointDoubleBank; /**< Indicates if the HID interface's IN report endpoint 
  93:./LUFA/Drivers/USB/Class/Device/HID.h **** 					
  94:./LUFA/Drivers/USB/Class/Device/HID.h **** 					void*    PrevReportINBuffer; /**< Pointer to a buffer where the previously created HID input r
  95:./LUFA/Drivers/USB/Class/Device/HID.h **** 					                              *  stored by the driver, for comparison purposes to detect repor
  96:./LUFA/Drivers/USB/Class/Device/HID.h **** 					                              *  must be sent immediately to the host. This should point to a 
  97:./LUFA/Drivers/USB/Class/Device/HID.h **** 					                              *  to hold the largest HID input report sent from the HID interf
  98:./LUFA/Drivers/USB/Class/Device/HID.h **** 												  *  to NULL, it is up to the user to force transfers when needed in the 
  99:./LUFA/Drivers/USB/Class/Device/HID.h **** 												  *  \ref CALLBACK_HID_Device_CreateHIDReport() callback function.
 100:./LUFA/Drivers/USB/Class/Device/HID.h **** 												  *
 101:./LUFA/Drivers/USB/Class/Device/HID.h **** 												  *  \note Due to the single buffer, the internal driver can only correctly compare
 102:./LUFA/Drivers/USB/Class/Device/HID.h **** 												  *        subsequent reports with identical report IDs. In multiple report devices,
 103:./LUFA/Drivers/USB/Class/Device/HID.h **** 												  *        this buffer should be set to NULL and the decision to send reports made
 104:./LUFA/Drivers/USB/Class/Device/HID.h **** 												  *        by the user application instead.
 105:./LUFA/Drivers/USB/Class/Device/HID.h **** 					                              */
 106:./LUFA/Drivers/USB/Class/Device/HID.h **** 					uint8_t  PrevReportINBufferSize; /**< Size in bytes of the given input report buffer. This is 
 107:./LUFA/Drivers/USB/Class/Device/HID.h **** 					                                  *  second buffer of the same size within the driver so that 
 108:./LUFA/Drivers/USB/Class/Device/HID.h **** 					                                  *  can be compared. If the user app is to determine when rep
 109:./LUFA/Drivers/USB/Class/Device/HID.h **** 					                                  *  exclusively (i.e. \ref PrevReportINBuffer is NULL) this v
 110:./LUFA/Drivers/USB/Class/Device/HID.h **** 													  *  set to the size of the largest report the device can issue to the host.
 111:./LUFA/Drivers/USB/Class/Device/HID.h **** 					                                  */
 112:./LUFA/Drivers/USB/Class/Device/HID.h **** 				} Config; /**< Config data for the USB class interface within the device. All elements in this 
 113:./LUFA/Drivers/USB/Class/Device/HID.h **** 				           *   <b>must</b> be set or the interface will fail to enumerate and operate correctly
 114:./LUFA/Drivers/USB/Class/Device/HID.h **** 				           */										 
 115:./LUFA/Drivers/USB/Class/Device/HID.h **** 				struct
 116:./LUFA/Drivers/USB/Class/Device/HID.h **** 				{
 117:./LUFA/Drivers/USB/Class/Device/HID.h **** 					bool     UsingReportProtocol; /**< Indicates if the HID interface is set to Boot or Report pro
 118:./LUFA/Drivers/USB/Class/Device/HID.h **** 					uint16_t IdleCount; /**< Report idle period, in milliseconds, set by the host. */
 119:./LUFA/Drivers/USB/Class/Device/HID.h **** 					uint16_t IdleMSRemaining; /**< Total number of milliseconds remaining before the idle period e
 120:./LUFA/Drivers/USB/Class/Device/HID.h **** 											   *   should be decremented by the user application if non-zero each millisecond. */	
 121:./LUFA/Drivers/USB/Class/Device/HID.h **** 				} State; /**< State data for the USB class interface within the device. All elements in this se
 122:./LUFA/Drivers/USB/Class/Device/HID.h **** 				          *   are reset to their defaults when the interface is enumerated.
 123:./LUFA/Drivers/USB/Class/Device/HID.h **** 				          */
 124:./LUFA/Drivers/USB/Class/Device/HID.h **** 			} USB_ClassInfo_HID_Device_t;
 125:./LUFA/Drivers/USB/Class/Device/HID.h **** 	
 126:./LUFA/Drivers/USB/Class/Device/HID.h **** 		/* Function Prototypes: */
 127:./LUFA/Drivers/USB/Class/Device/HID.h **** 			/** Configures the endpoints of a given HID interface, ready for use. This should be linked to t
 128:./LUFA/Drivers/USB/Class/Device/HID.h **** 			 *  \ref EVENT_USB_Device_ConfigurationChanged() event so that the endpoints are configured when
 129:./LUFA/Drivers/USB/Class/Device/HID.h **** 			 *  containing the given HID interface is selected.
 130:./LUFA/Drivers/USB/Class/Device/HID.h **** 			 *
 131:./LUFA/Drivers/USB/Class/Device/HID.h **** 			 *  \param[in,out] HIDInterfaceInfo  Pointer to a structure containing a HID Class configuration
 132:./LUFA/Drivers/USB/Class/Device/HID.h **** 			 *
 133:./LUFA/Drivers/USB/Class/Device/HID.h **** 			 *  \return Boolean true if the endpoints were successfully configured, false otherwise.
 134:./LUFA/Drivers/USB/Class/Device/HID.h **** 			 */
 135:./LUFA/Drivers/USB/Class/Device/HID.h **** 			bool HID_Device_ConfigureEndpoints(USB_ClassInfo_HID_Device_t* const HIDInterfaceInfo) ATTR_NON_
 136:./LUFA/Drivers/USB/Class/Device/HID.h **** 			
 137:./LUFA/Drivers/USB/Class/Device/HID.h **** 			/** Processes incoming control requests from the host, that are directed to the given HID class 
 138:./LUFA/Drivers/USB/Class/Device/HID.h **** 			 *  linked to the library \ref EVENT_USB_Device_UnhandledControlRequest() event.
 139:./LUFA/Drivers/USB/Class/Device/HID.h **** 			 *
 140:./LUFA/Drivers/USB/Class/Device/HID.h **** 			 *  \param[in,out] HIDInterfaceInfo  Pointer to a structure containing a HID Class configuration
 141:./LUFA/Drivers/USB/Class/Device/HID.h **** 			 */		
 142:./LUFA/Drivers/USB/Class/Device/HID.h **** 			void HID_Device_ProcessControlRequest(USB_ClassInfo_HID_Device_t* const HIDInterfaceInfo) ATTR_N
 143:./LUFA/Drivers/USB/Class/Device/HID.h **** 
 144:./LUFA/Drivers/USB/Class/Device/HID.h **** 			/** General management task for a given HID class interface, required for the correct operation 
 145:./LUFA/Drivers/USB/Class/Device/HID.h **** 			 *  be called frequently in the main program loop, before the master USB management task \ref US
 146:./LUFA/Drivers/USB/Class/Device/HID.h **** 			 *
 147:./LUFA/Drivers/USB/Class/Device/HID.h **** 			 *  \param[in,out] HIDInterfaceInfo  Pointer to a structure containing a HID Class configuration
 148:./LUFA/Drivers/USB/Class/Device/HID.h **** 			 */
 149:./LUFA/Drivers/USB/Class/Device/HID.h **** 			void HID_Device_USBTask(USB_ClassInfo_HID_Device_t* const HIDInterfaceInfo) ATTR_NON_NULL_PTR_AR
 150:./LUFA/Drivers/USB/Class/Device/HID.h **** 			
 151:./LUFA/Drivers/USB/Class/Device/HID.h **** 			/** HID class driver callback for the user creation of a HID IN report. This callback may fire i
 152:./LUFA/Drivers/USB/Class/Device/HID.h **** 			 *  HID class control requests from the host, or by the normal HID endpoint polling procedure. I
 153:./LUFA/Drivers/USB/Class/Device/HID.h **** 			 *  user is responsible for the creation of the next HID input report to be sent to the host.
 154:./LUFA/Drivers/USB/Class/Device/HID.h **** 			 *
 155:./LUFA/Drivers/USB/Class/Device/HID.h **** 			 *  \param[in,out] HIDInterfaceInfo  Pointer to a structure containing a HID Class configuration
 156:./LUFA/Drivers/USB/Class/Device/HID.h **** 			 *  \param[in,out] ReportID          If preset to a non-zero value, this is the report ID being 
 157:./LUFA/Drivers/USB/Class/Device/HID.h **** 			 *                                   this should be set to the report ID of the generated HID in
 158:./LUFA/Drivers/USB/Class/Device/HID.h **** 			 *                                   reports are not sent via the given HID interface, this para
 159:./LUFA/Drivers/USB/Class/Device/HID.h **** 			 *  \param[in]     ReportType        Type of HID report to generate, either \ref REPORT_ITEM_TYP
 160:./LUFA/Drivers/USB/Class/Device/HID.h **** 			 *  \param[out]    ReportData        Pointer to a buffer where the generated HID report should b
 161:./LUFA/Drivers/USB/Class/Device/HID.h **** 			 *  \param[out]    ReportSize        Number of bytes in the generated input report, or zero if n
 162:./LUFA/Drivers/USB/Class/Device/HID.h **** 			 *
 163:./LUFA/Drivers/USB/Class/Device/HID.h **** 			 *  \return Boolean true to force the sending of the report even if it is identical to the previ
 164:./LUFA/Drivers/USB/Class/Device/HID.h **** 			 *          the idle period (useful for devices which report relative movement), false otherwise
 165:./LUFA/Drivers/USB/Class/Device/HID.h **** 			 */
 166:./LUFA/Drivers/USB/Class/Device/HID.h **** 			bool CALLBACK_HID_Device_CreateHIDReport(USB_ClassInfo_HID_Device_t* const HIDInterfaceInfo,
 167:./LUFA/Drivers/USB/Class/Device/HID.h **** 			                                         uint8_t* const ReportID,
 168:./LUFA/Drivers/USB/Class/Device/HID.h **** 			                                         const uint8_t ReportType,
 169:./LUFA/Drivers/USB/Class/Device/HID.h **** 			                                         void* ReportData,
 170:./LUFA/Drivers/USB/Class/Device/HID.h **** 			                                         uint16_t* const ReportSize) ATTR_NON_NULL_PTR_ARG(1)
 171:./LUFA/Drivers/USB/Class/Device/HID.h **** 			                                         ATTR_NON_NULL_PTR_ARG(2) ATTR_NON_NULL_PTR_ARG(4) ATTR_
 172:./LUFA/Drivers/USB/Class/Device/HID.h **** 			
 173:./LUFA/Drivers/USB/Class/Device/HID.h **** 			/** HID class driver callback for the user processing of a received HID OUT report. This callbac
 174:./LUFA/Drivers/USB/Class/Device/HID.h **** 			 *  either HID class control requests from the host, or by the normal HID endpoint polling proce
 175:./LUFA/Drivers/USB/Class/Device/HID.h **** 			 *  the user is responsible for the processing of the received HID output report from the host.
 176:./LUFA/Drivers/USB/Class/Device/HID.h **** 			 *
 177:./LUFA/Drivers/USB/Class/Device/HID.h **** 			 *  \param[in,out] HIDInterfaceInfo  Pointer to a structure containing a HID Class configuration
 178:./LUFA/Drivers/USB/Class/Device/HID.h **** 			 *  \param[in]     ReportID          Report ID of the received output report. If multiple report
 179:./LUFA/Drivers/USB/Class/Device/HID.h **** 			 *                                   interface, this parameter should be ignored.
 180:./LUFA/Drivers/USB/Class/Device/HID.h **** 			 *  \param[in]     ReportType        Type of received HID report, either \ref REPORT_ITEM_TYPE_O
 181:./LUFA/Drivers/USB/Class/Device/HID.h **** 			 *  \param[in]     ReportData        Pointer to a buffer where the received HID report is stored
 182:./LUFA/Drivers/USB/Class/Device/HID.h **** 			 *  \param[in]     ReportSize        Size in bytes of the received report from the host.
 183:./LUFA/Drivers/USB/Class/Device/HID.h **** 			 */
 184:./LUFA/Drivers/USB/Class/Device/HID.h **** 			void CALLBACK_HID_Device_ProcessHIDReport(USB_ClassInfo_HID_Device_t* const HIDInterfaceInfo,
 185:./LUFA/Drivers/USB/Class/Device/HID.h **** 			                                          const uint8_t ReportID,
 186:./LUFA/Drivers/USB/Class/Device/HID.h **** 			                                          const uint8_t ReportType,
 187:./LUFA/Drivers/USB/Class/Device/HID.h **** 			                                          const void* ReportData,
 188:./LUFA/Drivers/USB/Class/Device/HID.h **** 			                                          const uint16_t ReportSize) ATTR_NON_NULL_PTR_ARG(1) AT
 189:./LUFA/Drivers/USB/Class/Device/HID.h **** 
 190:./LUFA/Drivers/USB/Class/Device/HID.h **** 		/* Inline Functions: */
 191:./LUFA/Drivers/USB/Class/Device/HID.h **** 			/** Indicates that a millisecond of idle time has elapsed on the given HID interface, and the in
 192:./LUFA/Drivers/USB/Class/Device/HID.h **** 			 *  decremented. This should be called once per millisecond so that hardware key-repeats functio
 193:./LUFA/Drivers/USB/Class/Device/HID.h **** 			 *  that this be called by the \ref EVENT_USB_Device_StartOfFrame() event, once SOF events have 
 194:./LUFA/Drivers/USB/Class/Device/HID.h **** 			 *  \ref USB_Device_EnableSOFEvents().
 195:./LUFA/Drivers/USB/Class/Device/HID.h **** 			 *
 196:./LUFA/Drivers/USB/Class/Device/HID.h **** 			 *  \param[in,out] HIDInterfaceInfo  Pointer to a structure containing a HID Class configuration
 197:./LUFA/Drivers/USB/Class/Device/HID.h **** 			 */
 198:./LUFA/Drivers/USB/Class/Device/HID.h **** 			static inline void HID_Device_MillisecondElapsed(USB_ClassInfo_HID_Device_t* const HIDInterfaceI
 199:./LUFA/Drivers/USB/Class/Device/HID.h **** 			static inline void HID_Device_MillisecondElapsed(USB_ClassInfo_HID_Device_t* const HIDInterfaceI
 200:./LUFA/Drivers/USB/Class/Device/HID.h **** 			{
 201:./LUFA/Drivers/USB/Class/Device/HID.h **** 				if (HIDInterfaceInfo->State.IdleMSRemaining)
 851               		.loc 6 201 0
 852 0000 8091 0000 		lds r24,HID_KeyboardInterface+11
 853 0004 9091 0000 		lds r25,HID_KeyboardInterface+11+1
 854 0008 0097      		sbiw r24,0
 855 000a 01F0      		breq .L46
 202:./LUFA/Drivers/USB/Class/Device/HID.h **** 				  HIDInterfaceInfo->State.IdleMSRemaining--;
 856               		.loc 6 202 0
 857 000c 0197      		sbiw r24,1
 858 000e 9093 0000 		sts HID_KeyboardInterface+11+1,r25
 859 0012 8093 0000 		sts HID_KeyboardInterface+11,r24
 860               	.L46:
 861               	.LVL55:
 862               	.LBE92:
 863               	.LBE91:
 864               	.LBB93:
 865               	.LBB94:
 201:./LUFA/Drivers/USB/Class/Device/HID.h **** 				  HIDInterfaceInfo->State.IdleMSRemaining--;
 866               		.loc 6 201 0
 867 0016 8091 0000 		lds r24,HID_MediaInterface+11
 868 001a 9091 0000 		lds r25,HID_MediaInterface+11+1
 869 001e 0097      		sbiw r24,0
 870 0020 01F0      		breq .L45
 871               		.loc 6 202 0
 872 0022 0197      		sbiw r24,1
 873 0024 9093 0000 		sts HID_MediaInterface+11+1,r25
 874 0028 8093 0000 		sts HID_MediaInterface+11,r24
 875               	.LVL56:
 876               	.L45:
 877               	/* epilogue start */
 878               	.LBE94:
 879               	.LBE93:
 458:Arduino-keyboard.c ****     HID_Device_MillisecondElapsed(&HID_KeyboardInterface);
 459:Arduino-keyboard.c ****     HID_Device_MillisecondElapsed(&HID_MediaInterface);
 460:Arduino-keyboard.c **** }
 880               		.loc 1 460 0
 881 002c 0895      		ret
 882               		.cfi_endproc
 883               	.LFE104:
 885               		.section	.text.EVENT_USB_Device_Connect,"ax",@progbits
 886               	.global	EVENT_USB_Device_Connect
 888               	EVENT_USB_Device_Connect:
 889               	.LFB105:
 461:Arduino-keyboard.c **** 
 462:Arduino-keyboard.c **** void EVENT_USB_Device_Connect(void) { }
 890               		.loc 1 462 0
 891               		.cfi_startproc
 892               	/* prologue: function */
 893               	/* frame size = 0 */
 894               	/* stack size = 0 */
 895               	.L__stack_usage = 0
 896               	/* epilogue start */
 897               		.loc 1 462 0
 898 0000 0895      		ret
 899               		.cfi_endproc
 900               	.LFE105:
 902               		.section	.text.EVENT_USB_Device_Disconnect,"ax",@progbits
 903               	.global	EVENT_USB_Device_Disconnect
 905               	EVENT_USB_Device_Disconnect:
 906               	.LFB110:
 907               		.cfi_startproc
 908               	/* prologue: function */
 909               	/* frame size = 0 */
 910               	/* stack size = 0 */
 911               	.L__stack_usage = 0
 912               	/* epilogue start */
 913 0000 0895      		ret
 914               		.cfi_endproc
 915               	.LFE110:
 917               		.section	.text.__vector_23,"ax",@progbits
 918               	.global	__vector_23
 920               	__vector_23:
 921               	.LFB107:
 463:Arduino-keyboard.c **** void EVENT_USB_Device_Disconnect(void) { }
 464:Arduino-keyboard.c **** 
 465:Arduino-keyboard.c **** /* ---------------------------------------------------------
 466:Arduino-keyboard.c ****  * Hardware Interrupt Sequence Vector
 467:Arduino-keyboard.c ****  * --------------------------------------------------------- */
 468:Arduino-keyboard.c **** ISR(USART1_RX_vect, ISR_BLOCK)
 469:Arduino-keyboard.c **** {
 922               		.loc 1 469 0
 923               		.cfi_startproc
 924               		.loc 1 469 0
 925 0000 1F92      		push r1
 926               	.LCFI16:
 927               		.cfi_def_cfa_offset 3
 928               		.cfi_offset 1, -2
 929 0002 0F92      		push r0
 930               	.LCFI17:
 931               		.cfi_def_cfa_offset 4
 932               		.cfi_offset 0, -3
 933 0004 0FB6      		in r0,__SREG__
 934 0006 0F92      		push r0
 935 0008 1124      		clr __zero_reg__
 936 000a 8F93      		push r24
 937               	.LCFI18:
 938               		.cfi_def_cfa_offset 5
 939               		.cfi_offset 24, -4
 940 000c 9F93      		push r25
 941               	.LCFI19:
 942               		.cfi_def_cfa_offset 6
 943               		.cfi_offset 25, -5
 944 000e EF93      		push r30
 945               	.LCFI20:
 946               		.cfi_def_cfa_offset 7
 947               		.cfi_offset 30, -6
 948 0010 FF93      		push r31
 949               	.LCFI21:
 950               		.cfi_def_cfa_offset 8
 951               		.cfi_offset 31, -7
 952               	/* prologue: Signal */
 953               	/* frame size = 0 */
 954               	/* stack size = 7 */
 955               	.L__stack_usage = 7
 470:Arduino-keyboard.c ****      // ALWAYS read first to clear the flag and prevent hardware lockups
 471:Arduino-keyboard.c ****      uint8_t ReceivedByte = UDR1;
 956               		.loc 1 471 0
 957 0012 8091 CE00 		lds r24,206
 958               	.LVL57:
 472:Arduino-keyboard.c **** 
 473:Arduino-keyboard.c ****      // Append standard byte array values into the local circular parser ring allocation structure
 474:Arduino-keyboard.c ****      if (parserCount < SERIAL_PARSER_BUFFER_SIZE)
 959               		.loc 1 474 0
 960 0016 9091 0000 		lds r25,parserCount
 961 001a 9034      		cpi r25,lo8(64)
 962 001c 00F4      		brsh .L56
 475:Arduino-keyboard.c ****      {
 476:Arduino-keyboard.c ****          parserBuffer[parserHead] = ReceivedByte;
 963               		.loc 1 476 0
 964 001e E091 0000 		lds r30,parserHead
 965 0022 F0E0      		ldi r31,0
 966 0024 E050      		subi r30,lo8(-(parserBuffer))
 967 0026 F040      		sbci r31,hi8(-(parserBuffer))
 968 0028 8083      		st Z,r24
 477:Arduino-keyboard.c ****          parserHead = (parserHead + 1) % SERIAL_PARSER_BUFFER_SIZE;
 969               		.loc 1 477 0
 970 002a 8091 0000 		lds r24,parserHead
 971               	.LVL58:
 972 002e 90E0      		ldi r25,0
 973 0030 0196      		adiw r24,1
 974 0032 8F73      		andi r24,63
 975 0034 9927      		clr r25
 976 0036 8093 0000 		sts parserHead,r24
 977               	.LVL59:
 478:Arduino-keyboard.c ****          parserCount++;
 978               		.loc 1 478 0
 979 003a 8091 0000 		lds r24,parserCount
 980 003e 8F5F      		subi r24,lo8(-(1))
 981 0040 8093 0000 		sts parserCount,r24
 982               	.L56:
 983               	/* epilogue start */
 479:Arduino-keyboard.c ****      }
 480:Arduino-keyboard.c **** }
 984               		.loc 1 480 0
 985 0044 FF91      		pop r31
 986 0046 EF91      		pop r30
 987 0048 9F91      		pop r25
 988 004a 8F91      		pop r24
 989 004c 0F90      		pop r0
 990 004e 0FBE      		out __SREG__,r0
 991 0050 0F90      		pop r0
 992 0052 1F90      		pop r1
 993 0054 1895      		reti
 994               		.cfi_endproc
 995               	.LFE107:
 997               		.section	.rodata
 1000               	CSWTCH.44:
 1001 0000 B5        		.byte	-75
 1002 0001 B6        		.byte	-74
 1003 0002 B7        		.byte	-73
 1004 0003 00        		.byte	0
 1005 0004 00        		.byte	0
 1006 0005 00        		.byte	0
 1007 0006 00        		.byte	0
 1008 0007 00        		.byte	0
 1009 0008 00        		.byte	0
 1010 0009 00        		.byte	0
 1011 000a 00        		.byte	0
 1012 000b 00        		.byte	0
 1013 000c 00        		.byte	0
 1014 000d 00        		.byte	0
 1015 000e 00        		.byte	0
 1016 000f 00        		.byte	0
 1017 0010 00        		.byte	0
 1018 0011 00        		.byte	0
 1019 0012 00        		.byte	0
 1020 0013 00        		.byte	0
 1021 0014 00        		.byte	0
 1022 0015 00        		.byte	0
 1023 0016 00        		.byte	0
 1024 0017 00        		.byte	0
 1025 0018 CD        		.byte	-51
 1026 0019 00        		.byte	0
 1027 001a 00        		.byte	0
 1028 001b 00        		.byte	0
 1029 001c 00        		.byte	0
 1030 001d 00        		.byte	0
 1031 001e 00        		.byte	0
 1032 001f 00        		.byte	0
 1033 0020 00        		.byte	0
 1034 0021 00        		.byte	0
 1035 0022 00        		.byte	0
 1036 0023 00        		.byte	0
 1037 0024 00        		.byte	0
 1038 0025 00        		.byte	0
 1039 0026 00        		.byte	0
 1040 0027 00        		.byte	0
 1041 0028 00        		.byte	0
 1042 0029 00        		.byte	0
 1043 002a 00        		.byte	0
 1044 002b 00        		.byte	0
 1045 002c 00        		.byte	0
 1046 002d E2        		.byte	-30
 1047 002e 00        		.byte	0
 1048 002f 00        		.byte	0
 1049 0030 00        		.byte	0
 1050 0031 00        		.byte	0
 1051 0032 00        		.byte	0
 1052 0033 00        		.byte	0
 1053 0034 E9        		.byte	-23
 1054 0035 EA        		.byte	-22
 1055               		.local	CurrentFrameContext
 1056               		.comm	CurrentFrameContext,8,1
 1057               		.local	PayloadByteIndex
 1058               		.comm	PayloadByteIndex,1,1
 1059               		.local	ActivePacketType
 1060               		.comm	ActivePacketType,1,1
 1061               		.local	CurrentParserState
 1062               		.comm	CurrentParserState,1,1
 1063               		.local	parserCount
 1064               		.comm	parserCount,1,1
 1065               		.local	parserTail
 1066               		.comm	parserTail,1,1
 1067               		.local	parserHead
 1068               		.comm	parserHead,1,1
 1069               		.local	parserBuffer
 1070               		.comm	parserBuffer,64,1
 1071               	.global	ledReport
 1072               		.section .bss
 1075               	ledReport:
 1076 0000 00        		.zero	1
 1077               		.local	currentMediaUsage
 1078               		.comm	currentMediaUsage,2,1
 1079               		.local	MediaState
 1080               		.comm	MediaState,1,1
 1081               		.local	MediaTail
 1082               		.comm	MediaTail,1,1
 1083               		.local	MediaHead
 1084               		.comm	MediaHead,1,1
 1085               		.local	MediaQueue
 1086               		.comm	MediaQueue,32,1
 1087               		.local	KeyboardTail
 1088               		.comm	KeyboardTail,1,1
 1089               		.local	KeyboardHead
 1090               		.comm	KeyboardHead,1,1
 1091               		.local	KeyboardQueue
 1092               		.comm	KeyboardQueue,64,1
 1093               	.global	HID_MediaInterface
 1094               		.data
 1097               	HID_MediaInterface:
 1098 0000 01        		.byte	1
 1099 0001 02        		.byte	2
 1100 0002 0800      		.word	8
 1101 0004 00        		.byte	0
 1102 0005 0000      		.word	PrevMediaHIDReportBuffer
 1103 0007 02        		.byte	2
 1104 0008 0000 0000 		.zero	5
 1104      00
 1105               	.global	HID_KeyboardInterface
 1108               	HID_KeyboardInterface:
 1109 000d 00        		.byte	0
 1110 000e 01        		.byte	1
 1111 000f 0800      		.word	8
 1112 0011 00        		.byte	0
 1113 0012 0000      		.word	PrevKeyboardHIDReportBuffer
 1114 0014 08        		.byte	8
 1115 0015 0000 0000 		.zero	5
 1115      00
 1116               		.comm	PrevMediaHIDReportBuffer,2,1
 1117               		.comm	PrevKeyboardHIDReportBuffer,8,1
 1118               		.text
 1119               	.Letext0:
 1120               		.file 7 "/usr/lib/avr/include/stdint.h"
 1121               		.file 8 "./LUFA/Drivers/USB/HighLevel/../LowLevel/../HighLevel/StdRequestType.h"
 1122               		.file 9 "./LUFA/Drivers/USB/HighLevel/../LowLevel/../HighLevel/DeviceStandardReq.h"
 1123               		.file 10 "./LUFA/Drivers/USB/HighLevel/USBTask.h"
 1124               		.file 11 "./LUFA/Drivers/USB/Class/Device/../Common/HID.h"
 1125               		.file 12 "Descriptors.h"
 1126               		.file 13 "/usr/lib/avr/include/stdio.h"
 1127               		.file 14 "Arduino-keyboard.h"
 1128               		.file 15 "./LUFA/Drivers/USB/HighLevel/../LowLevel/USBController.h"
DEFINED SYMBOLS
                            *ABS*:0000000000000000 Arduino-keyboard.c
/tmp/user/1000/ccJdDDyS.s:2      *ABS*:000000000000003e __SP_H__
/tmp/user/1000/ccJdDDyS.s:3      *ABS*:000000000000003d __SP_L__
/tmp/user/1000/ccJdDDyS.s:4      *ABS*:000000000000003f __SREG__
/tmp/user/1000/ccJdDDyS.s:5      *ABS*:0000000000000000 __tmp_reg__
/tmp/user/1000/ccJdDDyS.s:6      *ABS*:0000000000000001 __zero_reg__
/tmp/user/1000/ccJdDDyS.s:12     .text.MediaQueue_Push:0000000000000000 MediaQueue_Push
/tmp/user/1000/ccJdDDyS.s:1080   .bss:0000000000000052 MediaTail
/tmp/user/1000/ccJdDDyS.s:1082   .bss:0000000000000053 MediaHead
/tmp/user/1000/ccJdDDyS.s:1084   .bss:0000000000000054 MediaQueue
/tmp/user/1000/ccJdDDyS.s:63     .text.ProcessIncomingSerialData:0000000000000000 ProcessIncomingSerialData
/tmp/user/1000/ccJdDDyS.s:1058   .bss:000000000000000a ActivePacketType
/tmp/user/1000/ccJdDDyS.s:1056   .bss:0000000000000009 PayloadByteIndex
/tmp/user/1000/ccJdDDyS.s:1060   .bss:000000000000000b CurrentParserState
/tmp/user/1000/ccJdDDyS.s:1062   .bss:000000000000000c parserCount
/tmp/user/1000/ccJdDDyS.s:1064   .bss:000000000000000d parserTail
/tmp/user/1000/ccJdDDyS.s:1068   .bss:000000000000000f parserBuffer
                             .bss:0000000000000001 CurrentFrameContext
/tmp/user/1000/ccJdDDyS.s:1086   .bss:0000000000000074 KeyboardTail
/tmp/user/1000/ccJdDDyS.s:1088   .bss:0000000000000075 KeyboardHead
/tmp/user/1000/ccJdDDyS.s:1090   .bss:0000000000000076 KeyboardQueue
/tmp/user/1000/ccJdDDyS.s:1000   .rodata:0000000000000000 CSWTCH.44
/tmp/user/1000/ccJdDDyS.s:342    .text.SetupHardware:0000000000000000 SetupHardware
/tmp/user/1000/ccJdDDyS.s:499    .text.startup.main:0000000000000000 main
/tmp/user/1000/ccJdDDyS.s:1108   .data:000000000000000d HID_KeyboardInterface
/tmp/user/1000/ccJdDDyS.s:1097   .data:0000000000000000 HID_MediaInterface
/tmp/user/1000/ccJdDDyS.s:540    .text.CALLBACK_HID_Device_CreateHIDReport:0000000000000000 CALLBACK_HID_Device_CreateHIDReport
/tmp/user/1000/ccJdDDyS.s:1078   .bss:0000000000000051 MediaState
/tmp/user/1000/ccJdDDyS.s:1070   .bss:000000000000004f currentMediaUsage
/tmp/user/1000/ccJdDDyS.s:759    .text.CALLBACK_HID_Device_ProcessHIDReport:0000000000000000 CALLBACK_HID_Device_ProcessHIDReport
/tmp/user/1000/ccJdDDyS.s:777    .text.EVENT_USB_Device_ConfigurationChanged:0000000000000000 EVENT_USB_Device_ConfigurationChanged
/tmp/user/1000/ccJdDDyS.s:815    .text.EVENT_USB_Device_UnhandledControlRequest:0000000000000000 EVENT_USB_Device_UnhandledControlRequest
/tmp/user/1000/ccJdDDyS.s:839    .text.EVENT_USB_Device_StartOfFrame:0000000000000000 EVENT_USB_Device_StartOfFrame
/tmp/user/1000/ccJdDDyS.s:888    .text.EVENT_USB_Device_Connect:0000000000000000 EVENT_USB_Device_Connect
/tmp/user/1000/ccJdDDyS.s:905    .text.EVENT_USB_Device_Disconnect:0000000000000000 EVENT_USB_Device_Disconnect
/tmp/user/1000/ccJdDDyS.s:920    .text.__vector_23:0000000000000000 __vector_23
/tmp/user/1000/ccJdDDyS.s:1066   .bss:000000000000000e parserHead
/tmp/user/1000/ccJdDDyS.s:1075   .bss:0000000000000000 ledReport
                            *COM*:0000000000000002 PrevMediaHIDReportBuffer
                            *COM*:0000000000000008 PrevKeyboardHIDReportBuffer

UNDEFINED SYMBOLS
USB_Init
HID_Device_USBTask
USB_USBTask
HID_Device_ConfigureEndpoints
HID_Device_ProcessControlRequest
__do_copy_data
__do_clear_bss
