
Arduino-keyboard.elf:     file format elf32-avr

Sections:
Idx Name          Size      VMA       LMA       File off  Algn
  0 .data         00000050  00800100  000010f4  00001188  2**0
                  CONTENTS, ALLOC, LOAD, DATA
  1 .text         000010f4  00000000  00000000  00000094  2**1
                  CONTENTS, ALLOC, LOAD, READONLY, CODE
  2 .bss          000000ca  00800150  00800150  000011d8  2**0
                  ALLOC
  3 .comment      00000011  00000000  00000000  000011d8  2**0
                  CONTENTS, READONLY
  4 .note.gnu.avr.deviceinfo 0000003c  00000000  00000000  000011ec  2**2
                  CONTENTS, READONLY
  5 .debug_aranges 00000268  00000000  00000000  00001228  2**0
                  CONTENTS, READONLY, DEBUGGING
  6 .debug_info   00004b17  00000000  00000000  00001490  2**0
                  CONTENTS, READONLY, DEBUGGING
  7 .debug_abbrev 00001765  00000000  00000000  00005fa7  2**0
                  CONTENTS, READONLY, DEBUGGING
  8 .debug_line   0000294f  00000000  00000000  0000770c  2**0
                  CONTENTS, READONLY, DEBUGGING
  9 .debug_frame  00000810  00000000  00000000  0000a05c  2**2
                  CONTENTS, READONLY, DEBUGGING
 10 .debug_str    00001dcd  00000000  00000000  0000a86c  2**0
                  CONTENTS, READONLY, DEBUGGING
 11 .debug_loc    00002f43  00000000  00000000  0000c639  2**0
                  CONTENTS, READONLY, DEBUGGING
 12 .debug_ranges 00000398  00000000  00000000  0000f57c  2**0
                  CONTENTS, READONLY, DEBUGGING

Disassembly of section .text:

00000000 <__vectors>:
       0:	a4 c0       	rjmp	.+328    	; 0x14a <__ctors_end>
       2:	00 00       	nop
       4:	bd c0       	rjmp	.+378    	; 0x180 <__bad_interrupt>
       6:	00 00       	nop
       8:	bb c0       	rjmp	.+374    	; 0x180 <__bad_interrupt>
       a:	00 00       	nop
       c:	b9 c0       	rjmp	.+370    	; 0x180 <__bad_interrupt>
       e:	00 00       	nop
      10:	b7 c0       	rjmp	.+366    	; 0x180 <__bad_interrupt>
      12:	00 00       	nop
      14:	b5 c0       	rjmp	.+362    	; 0x180 <__bad_interrupt>
      16:	00 00       	nop
      18:	b3 c0       	rjmp	.+358    	; 0x180 <__bad_interrupt>
      1a:	00 00       	nop
      1c:	b1 c0       	rjmp	.+354    	; 0x180 <__bad_interrupt>
      1e:	00 00       	nop
      20:	af c0       	rjmp	.+350    	; 0x180 <__bad_interrupt>
      22:	00 00       	nop
      24:	ad c0       	rjmp	.+346    	; 0x180 <__bad_interrupt>
      26:	00 00       	nop
      28:	ab c0       	rjmp	.+342    	; 0x180 <__bad_interrupt>
      2a:	00 00       	nop
      2c:	bd c4       	rjmp	.+2426   	; 0x9a8 <__vector_11>
      2e:	00 00       	nop
      30:	a7 c0       	rjmp	.+334    	; 0x180 <__bad_interrupt>
      32:	00 00       	nop
      34:	a5 c0       	rjmp	.+330    	; 0x180 <__bad_interrupt>
      36:	00 00       	nop
      38:	a3 c0       	rjmp	.+326    	; 0x180 <__bad_interrupt>
      3a:	00 00       	nop
      3c:	a1 c0       	rjmp	.+322    	; 0x180 <__bad_interrupt>
      3e:	00 00       	nop
      40:	9f c0       	rjmp	.+318    	; 0x180 <__bad_interrupt>
      42:	00 00       	nop
      44:	9d c0       	rjmp	.+314    	; 0x180 <__bad_interrupt>
      46:	00 00       	nop
      48:	9b c0       	rjmp	.+310    	; 0x180 <__bad_interrupt>
      4a:	00 00       	nop
      4c:	99 c0       	rjmp	.+306    	; 0x180 <__bad_interrupt>
      4e:	00 00       	nop
      50:	97 c0       	rjmp	.+302    	; 0x180 <__bad_interrupt>
      52:	00 00       	nop
      54:	95 c0       	rjmp	.+298    	; 0x180 <__bad_interrupt>
      56:	00 00       	nop
      58:	93 c0       	rjmp	.+294    	; 0x180 <__bad_interrupt>
      5a:	00 00       	nop
      5c:	4c c2       	rjmp	.+1176   	; 0x4f6 <__vector_23>
      5e:	00 00       	nop
      60:	8f c0       	rjmp	.+286    	; 0x180 <__bad_interrupt>
      62:	00 00       	nop
      64:	8d c0       	rjmp	.+282    	; 0x180 <__bad_interrupt>
      66:	00 00       	nop
      68:	8b c0       	rjmp	.+278    	; 0x180 <__bad_interrupt>
      6a:	00 00       	nop
      6c:	89 c0       	rjmp	.+274    	; 0x180 <__bad_interrupt>
      6e:	00 00       	nop
      70:	87 c0       	rjmp	.+270    	; 0x180 <__bad_interrupt>
      72:	00 00       	nop

00000074 <ProductString>:
      74:	12 03 4b 00 65 00 79 00 62 00 6f 00 61 00 72 00     ..K.e.y.b.o.a.r.
      84:	64 00 00 00                                         d...

00000088 <ManufacturerString>:
      88:	10 03 41 00 72 00 64 00 75 00 69 00 6e 00 6f 00     ..A.r.d.u.i.n.o.
      98:	00 00                                               ..

0000009a <LanguageString>:
      9a:	04 03 09 04                                         ....

0000009e <ConfigurationDescriptor>:
      9e:	09 02 43 00 02 01 00 c0 32 08 0b 00 02 03 00 00     ..C.....2.......
      ae:	00 09 04 00 00 01 03 01 01 00 09 21 11 01 00 01     ...........!....
      be:	22 3f 00 07 05 81 03 08 00 01 09 04 01 00 01 03     "?..............
      ce:	00 00 00 09 21 11 01 00 01 22 17 00 07 05 82 03     ....!...."......
      de:	08 00 04                                            ...

000000e1 <DeviceDescriptor>:
      e1:	12 01 10 01 ef 02 01 08 eb 03 42 20 01 00 01 02     ..........B ....
      f1:	00 01                                               ..

000000f3 <MediaReport>:
      f3:	05 0c 09 01 a1 01 15 00 26 ff 03 19 00 2a ff 03     ........&....*..
     103:	75 10 95 01 81 00 c0                                u......

0000010a <KeyboardReport>:
     10a:	05 01 09 06 a1 01 05 07 19 e0 29 e7 15 00 25 01     ..........)...%.
     11a:	75 01 95 08 81 02 95 01 75 08 81 03 05 08 19 01     u.......u.......
     12a:	29 05 95 05 75 01 91 02 95 01 75 03 91 03 15 00     )...u.....u.....
     13a:	25 ff 05 07 19 00 29 ff 95 06 75 08 81 00 c0 00     %.....)...u.....

0000014a <__ctors_end>:
     14a:	11 24       	eor	r1, r1
     14c:	1f be       	out	0x3f, r1	; 63
     14e:	cf ef       	ldi	r28, 0xFF	; 255
     150:	d2 e0       	ldi	r29, 0x02	; 2
     152:	de bf       	out	0x3e, r29	; 62
     154:	cd bf       	out	0x3d, r28	; 61

00000156 <__do_copy_data>:
     156:	11 e0       	ldi	r17, 0x01	; 1
     158:	a0 e0       	ldi	r26, 0x00	; 0
     15a:	b1 e0       	ldi	r27, 0x01	; 1
     15c:	e4 ef       	ldi	r30, 0xF4	; 244
     15e:	f0 e1       	ldi	r31, 0x10	; 16
     160:	02 c0       	rjmp	.+4      	; 0x166 <__do_copy_data+0x10>
     162:	05 90       	lpm	r0, Z+
     164:	0d 92       	st	X+, r0
     166:	a0 35       	cpi	r26, 0x50	; 80
     168:	b1 07       	cpc	r27, r17
     16a:	d9 f7       	brne	.-10     	; 0x162 <__do_copy_data+0xc>

0000016c <__do_clear_bss>:
     16c:	22 e0       	ldi	r18, 0x02	; 2
     16e:	a0 e5       	ldi	r26, 0x50	; 80
     170:	b1 e0       	ldi	r27, 0x01	; 1
     172:	01 c0       	rjmp	.+2      	; 0x176 <.do_clear_bss_start>

00000174 <.do_clear_bss_loop>:
     174:	1d 92       	st	X+, r1

00000176 <.do_clear_bss_start>:
     176:	aa 31       	cpi	r26, 0x1A	; 26
     178:	b2 07       	cpc	r27, r18
     17a:	e1 f7       	brne	.-8      	; 0x174 <.do_clear_bss_loop>
     17c:	fc d0       	rcall	.+504    	; 0x376 <main>
     17e:	b8 c7       	rjmp	.+3952   	; 0x10f0 <_exit>

00000180 <__bad_interrupt>:
     180:	3f cf       	rjmp	.-386    	; 0x0 <__vectors>

00000182 <MediaQueue_Push>:
    KeyboardHead = (KeyboardHead + 1) % KEYBOARD_QUEUE_SIZE;
    return true;
}

static bool MediaQueue_Push(uint16_t Usage) {
    uint8_t nextTail = (MediaTail + 1) % MEDIA_QUEUE_SIZE;
     182:	20 91 a2 01 	lds	r18, 0x01A2	; 0x8001a2 <MediaTail>
     186:	30 e0       	ldi	r19, 0x00	; 0
     188:	2f 5f       	subi	r18, 0xFF	; 255
     18a:	3f 4f       	sbci	r19, 0xFF	; 255
     18c:	2f 70       	andi	r18, 0x0F	; 15
     18e:	33 27       	eor	r19, r19
    if (nextTail == MediaHead) return false;
     190:	40 91 a3 01 	lds	r20, 0x01A3	; 0x8001a3 <MediaHead>
     194:	42 17       	cp	r20, r18
     196:	69 f0       	breq	.+26     	; 0x1b2 <MediaQueue_Push+0x30>
    MediaQueue[MediaTail] = Usage;
     198:	e0 91 a2 01 	lds	r30, 0x01A2	; 0x8001a2 <MediaTail>
     19c:	f0 e0       	ldi	r31, 0x00	; 0
     19e:	ee 0f       	add	r30, r30
     1a0:	ff 1f       	adc	r31, r31
     1a2:	ec 55       	subi	r30, 0x5C	; 92
     1a4:	fe 4f       	sbci	r31, 0xFE	; 254
     1a6:	91 83       	std	Z+1, r25	; 0x01
     1a8:	80 83       	st	Z, r24
    MediaTail = nextTail;
     1aa:	20 93 a2 01 	sts	0x01A2, r18	; 0x8001a2 <MediaTail>
    return true;
     1ae:	81 e0       	ldi	r24, 0x01	; 1
     1b0:	08 95       	ret
    return true;
}

static bool MediaQueue_Push(uint16_t Usage) {
    uint8_t nextTail = (MediaTail + 1) % MEDIA_QUEUE_SIZE;
    if (nextTail == MediaHead) return false;
     1b2:	80 e0       	ldi	r24, 0x00	; 0
    MediaQueue[MediaTail] = Usage;
    MediaTail = nextTail;
    return true;
}
     1b4:	08 95       	ret

000001b6 <ProcessIncomingSerialData>:


/* ---------------------------------------------------------
 * FSM Asynchronous Streaming Engine
 * --------------------------------------------------------- */
void ProcessIncomingSerialData(void) {
     1b6:	cf 93       	push	r28
    // Suspend packet digestion if USB is suspended/disconnected
    if (USB_DeviceState != DEVICE_STATE_Configured) return;
     1b8:	8e b3       	in	r24, 0x1e	; 30
        switch (CurrentParserState) {
            case STATE_PARSE_HEADER:
                if (IncomingByte == 0x01 || IncomingByte == 0x02) {
                    ActivePacketType   = IncomingByte;
                    PayloadByteIndex   = 0;
                    CurrentParserState = STATE_PARSE_PAYLOAD;
     1ba:	c1 e0       	ldi	r28, 0x01	; 1
/* ---------------------------------------------------------
 * FSM Asynchronous Streaming Engine
 * --------------------------------------------------------- */
void ProcessIncomingSerialData(void) {
    // Suspend packet digestion if USB is suspended/disconnected
    if (USB_DeviceState != DEVICE_STATE_Configured) return;
     1bc:	84 30       	cpi	r24, 0x04	; 4
     1be:	61 f0       	breq	.+24     	; 0x1d8 <ProcessIncomingSerialData+0x22>
            default:
                CurrentParserState = STATE_PARSE_HEADER;
                break;
        }
    }
}
     1c0:	cf 91       	pop	r28
     1c2:	08 95       	ret
            parserCount--;
        }

        switch (CurrentParserState) {
            case STATE_PARSE_HEADER:
                if (IncomingByte == 0x01 || IncomingByte == 0x02) {
     1c4:	8f ef       	ldi	r24, 0xFF	; 255
     1c6:	82 0f       	add	r24, r18
     1c8:	82 30       	cpi	r24, 0x02	; 2
     1ca:	30 f4       	brcc	.+12     	; 0x1d8 <ProcessIncomingSerialData+0x22>
                    ActivePacketType   = IncomingByte;
     1cc:	20 93 5a 01 	sts	0x015A, r18	; 0x80015a <ActivePacketType>
                    PayloadByteIndex   = 0;
     1d0:	10 92 59 01 	sts	0x0159, r1	; 0x800159 <PayloadByteIndex>
                    CurrentParserState = STATE_PARSE_PAYLOAD;
     1d4:	c0 93 5b 01 	sts	0x015B, r28	; 0x80015b <CurrentParserState>
}

// Atomic helper to calculate available raw streaming bytes
static inline uint8_t SafeGetParserCount(void) {
    uint8_t count;
    ATOMIC_BLOCK(ATOMIC_RESTORESTATE) {
     1d8:	9f b7       	in	r25, 0x3f	; 63
    return 1;
}

static __inline__ uint8_t __iCliRetVal(void)
{
    cli();
     1da:	f8 94       	cli
        count = parserCount;
     1dc:	80 91 5c 01 	lds	r24, 0x015C	; 0x80015c <parserCount>
    (void)__s;
}

static __inline__ void __iRestore(const  uint8_t *__s)
{
    SREG = *__s;
     1e0:	9f bf       	out	0x3f, r25	; 63
 * --------------------------------------------------------- */
void ProcessIncomingSerialData(void) {
    // Suspend packet digestion if USB is suspended/disconnected
    if (USB_DeviceState != DEVICE_STATE_Configured) return;

    while (SafeGetParserCount() > 0) {
     1e2:	88 23       	and	r24, r24
     1e4:	69 f3       	breq	.-38     	; 0x1c0 <ProcessIncomingSerialData+0xa>
        uint8_t IncomingByte;
        
        // Safely extract one byte from the ring buffer
        ATOMIC_BLOCK(ATOMIC_RESTORESTATE) {
     1e6:	3f b7       	in	r19, 0x3f	; 63
    return 1;
}

static __inline__ uint8_t __iCliRetVal(void)
{
    cli();
     1e8:	f8 94       	cli
            IncomingByte = parserBuffer[parserTail];
     1ea:	e0 91 5d 01 	lds	r30, 0x015D	; 0x80015d <parserTail>
     1ee:	f0 e0       	ldi	r31, 0x00	; 0
     1f0:	e1 5a       	subi	r30, 0xA1	; 161
     1f2:	fe 4f       	sbci	r31, 0xFE	; 254
     1f4:	20 81       	ld	r18, Z
            parserTail = (parserTail + 1) % SERIAL_PARSER_BUFFER_SIZE;
     1f6:	80 91 5d 01 	lds	r24, 0x015D	; 0x80015d <parserTail>
     1fa:	90 e0       	ldi	r25, 0x00	; 0
     1fc:	01 96       	adiw	r24, 0x01	; 1
     1fe:	8f 73       	andi	r24, 0x3F	; 63
     200:	99 27       	eor	r25, r25
     202:	80 93 5d 01 	sts	0x015D, r24	; 0x80015d <parserTail>
            parserCount--;
     206:	80 91 5c 01 	lds	r24, 0x015C	; 0x80015c <parserCount>
     20a:	81 50       	subi	r24, 0x01	; 1
     20c:	80 93 5c 01 	sts	0x015C, r24	; 0x80015c <parserCount>
    (void)__s;
}

static __inline__ void __iRestore(const  uint8_t *__s)
{
    SREG = *__s;
     210:	3f bf       	out	0x3f, r19	; 63
        }

        switch (CurrentParserState) {
     212:	80 91 5b 01 	lds	r24, 0x015B	; 0x80015b <CurrentParserState>
     216:	88 23       	and	r24, r24
     218:	a9 f2       	breq	.-86     	; 0x1c4 <ProcessIncomingSerialData+0xe>
     21a:	81 30       	cpi	r24, 0x01	; 1
     21c:	19 f0       	breq	.+6      	; 0x224 <__DATA_REGION_LENGTH__+0x24>
                    PayloadByteIndex   = 0;
                }
                break;
                
            default:
                CurrentParserState = STATE_PARSE_HEADER;
     21e:	10 92 5b 01 	sts	0x015B, r1	; 0x80015b <CurrentParserState>
                break;
     222:	da cf       	rjmp	.-76     	; 0x1d8 <ProcessIncomingSerialData+0x22>
                }
                // If invalid header, implicitly fall through and discard byte (auto-realigns)
                break;

            case STATE_PARSE_PAYLOAD:
                CurrentFrameContext.RawBytes[PayloadByteIndex++] = IncomingByte;
     224:	e0 91 59 01 	lds	r30, 0x0159	; 0x800159 <PayloadByteIndex>
     228:	81 e0       	ldi	r24, 0x01	; 1
     22a:	8e 0f       	add	r24, r30
     22c:	80 93 59 01 	sts	0x0159, r24	; 0x800159 <PayloadByteIndex>
     230:	f0 e0       	ldi	r31, 0x00	; 0
     232:	ef 5a       	subi	r30, 0xAF	; 175
     234:	fe 4f       	sbci	r31, 0xFE	; 254
     236:	20 83       	st	Z, r18

                if (PayloadByteIndex >= sizeof(USB_KeyboardReport_Data_t)) {
     238:	88 30       	cpi	r24, 0x08	; 8
     23a:	70 f2       	brcs	.-100    	; 0x1d8 <ProcessIncomingSerialData+0x22>
                    if (ActivePacketType == 0x01) {
     23c:	80 91 5a 01 	lds	r24, 0x015A	; 0x80015a <ActivePacketType>
     240:	81 30       	cpi	r24, 0x01	; 1
     242:	21 f5       	brne	.+72     	; 0x28c <__DATA_REGION_LENGTH__+0x8c>
         default:     return 0x0000;
     }
}

static bool KeyboardQueue_Push(const USB_KeyboardReport_Data_t* Report) {
    uint8_t nextTail = (KeyboardTail + 1) % KEYBOARD_QUEUE_SIZE;
     244:	80 91 c4 01 	lds	r24, 0x01C4	; 0x8001c4 <KeyboardTail>
     248:	90 e0       	ldi	r25, 0x00	; 0
     24a:	01 96       	adiw	r24, 0x01	; 1
     24c:	87 70       	andi	r24, 0x07	; 7
     24e:	99 27       	eor	r25, r25
    if (nextTail == KeyboardHead) return false;
     250:	20 91 c5 01 	lds	r18, 0x01C5	; 0x8001c5 <KeyboardHead>
     254:	28 17       	cp	r18, r24
     256:	99 f0       	breq	.+38     	; 0x27e <__DATA_REGION_LENGTH__+0x7e>
    KeyboardQueue[KeyboardTail] = *Report;
     258:	a0 91 c4 01 	lds	r26, 0x01C4	; 0x8001c4 <KeyboardTail>
     25c:	b0 e0       	ldi	r27, 0x00	; 0
     25e:	93 e0       	ldi	r25, 0x03	; 3
     260:	aa 0f       	add	r26, r26
     262:	bb 1f       	adc	r27, r27
     264:	9a 95       	dec	r25
     266:	e1 f7       	brne	.-8      	; 0x260 <__DATA_REGION_LENGTH__+0x60>
     268:	aa 53       	subi	r26, 0x3A	; 58
     26a:	be 4f       	sbci	r27, 0xFE	; 254
     26c:	98 e0       	ldi	r25, 0x08	; 8
     26e:	e1 e5       	ldi	r30, 0x51	; 81
     270:	f1 e0       	ldi	r31, 0x01	; 1
     272:	01 90       	ld	r0, Z+
     274:	0d 92       	st	X+, r0
     276:	9a 95       	dec	r25
     278:	e1 f7       	brne	.-8      	; 0x272 <__DATA_REGION_LENGTH__+0x72>
    KeyboardTail = nextTail;
     27a:	80 93 c4 01 	sts	0x01C4, r24	; 0x8001c4 <KeyboardTail>
                        } else if (mediaRaw == 0x00) { // Catch empty release frames
                             MediaQueue_Push(0x0000); 
                        }
                    }
                    // Terminate layout parsing, prepare for next dynamic packet
                    CurrentParserState = STATE_PARSE_HEADER;
     27e:	10 92 5b 01 	sts	0x015B, r1	; 0x80015b <CurrentParserState>
                    ActivePacketType   = 0x00;
     282:	10 92 5a 01 	sts	0x015A, r1	; 0x80015a <ActivePacketType>
                    PayloadByteIndex   = 0;
     286:	10 92 59 01 	sts	0x0159, r1	; 0x800159 <PayloadByteIndex>
     28a:	a6 cf       	rjmp	.-180    	; 0x1d8 <ProcessIncomingSerialData+0x22>

                if (PayloadByteIndex >= sizeof(USB_KeyboardReport_Data_t)) {
                    if (ActivePacketType == 0x01) {
                        KeyboardQueue_Push(&CurrentFrameContext.Keyboard);
                    }
                    else if (ActivePacketType == 0x02) {
     28c:	82 30       	cpi	r24, 0x02	; 2
     28e:	b9 f7       	brne	.-18     	; 0x27e <__DATA_REGION_LENGTH__+0x7e>
                        // Extract Media Code mapping
                        uint8_t mediaRaw = CurrentFrameContext.RawBytes[0];
     290:	e0 91 51 01 	lds	r30, 0x0151	; 0x800151 <CurrentFrameContext>
/* ---------------------------------------------------------
 * Utility Mapping & Queue APIs
 * --------------------------------------------------------- */
static inline bool IsMediaUsage(uint8_t usage)
{
     return (usage == 0xE9) || /* Volume Up */
     294:	87 e1       	ldi	r24, 0x17	; 23
     296:	8e 0f       	add	r24, r30
            (usage == 0xEA) || /* Volume Down */
            (usage == 0xE2) || /* Mute */
            (usage == 0xCD) || /* Play/Pause */
            (usage == 0xB5) || /* Next Track */
            (usage == 0xB6) || /* Prev Track */
     298:	82 30       	cpi	r24, 0x02	; 2
     29a:	b0 f0       	brcs	.+44     	; 0x2c8 <__DATA_REGION_LENGTH__+0xc8>
 * Utility Mapping & Queue APIs
 * --------------------------------------------------------- */
static inline bool IsMediaUsage(uint8_t usage)
{
     return (usage == 0xE9) || /* Volume Up */
            (usage == 0xEA) || /* Volume Down */
     29c:	e2 3e       	cpi	r30, 0xE2	; 226
     29e:	a1 f0       	breq	.+40     	; 0x2c8 <__DATA_REGION_LENGTH__+0xc8>
            (usage == 0xE2) || /* Mute */
            (usage == 0xCD) || /* Play/Pause */
            (usage == 0xB5) || /* Next Track */
            (usage == 0xB6) || /* Prev Track */
     2a0:	81 e0       	ldi	r24, 0x01	; 1
 * --------------------------------------------------------- */
static inline bool IsMediaUsage(uint8_t usage)
{
     return (usage == 0xE9) || /* Volume Up */
            (usage == 0xEA) || /* Volume Down */
            (usage == 0xE2) || /* Mute */
     2a2:	ed 3c       	cpi	r30, 0xCD	; 205
     2a4:	29 f0       	breq	.+10     	; 0x2b0 <__DATA_REGION_LENGTH__+0xb0>
            (usage == 0xCD) || /* Play/Pause */
     2a6:	9b e4       	ldi	r25, 0x4B	; 75
     2a8:	9e 0f       	add	r25, r30
     2aa:	93 30       	cpi	r25, 0x03	; 3
     2ac:	08 f0       	brcs	.+2      	; 0x2b0 <__DATA_REGION_LENGTH__+0xb0>
     2ae:	80 e0       	ldi	r24, 0x00	; 0
                        KeyboardQueue_Push(&CurrentFrameContext.Keyboard);
                    }
                    else if (ActivePacketType == 0x02) {
                        // Extract Media Code mapping
                        uint8_t mediaRaw = CurrentFrameContext.RawBytes[0];
                        if (IsMediaUsage(mediaRaw)) {
     2b0:	80 ff       	sbrs	r24, 0
     2b2:	0c c0       	rjmp	.+24     	; 0x2cc <__DATA_REGION_LENGTH__+0xcc>
     2b4:	e5 5b       	subi	r30, 0xB5	; 181
     2b6:	e6 33       	cpi	r30, 0x36	; 54
     2b8:	58 f4       	brcc	.+22     	; 0x2d0 <__DATA_REGION_LENGTH__+0xd0>
     2ba:	f0 e0       	ldi	r31, 0x00	; 0
     2bc:	e6 5e       	subi	r30, 0xE6	; 230
     2be:	fe 4f       	sbci	r31, 0xFE	; 254
     2c0:	80 81       	ld	r24, Z
     2c2:	90 e0       	ldi	r25, 0x00	; 0
                            MediaQueue_Push(MapMediaUsage(mediaRaw));
                        } else if (mediaRaw == 0x00) { // Catch empty release frames
                             MediaQueue_Push(0x0000); 
     2c4:	5e df       	rcall	.-324    	; 0x182 <MediaQueue_Push>
     2c6:	db cf       	rjmp	.-74     	; 0x27e <__DATA_REGION_LENGTH__+0x7e>
     return (usage == 0xE9) || /* Volume Up */
            (usage == 0xEA) || /* Volume Down */
            (usage == 0xE2) || /* Mute */
            (usage == 0xCD) || /* Play/Pause */
            (usage == 0xB5) || /* Next Track */
            (usage == 0xB6) || /* Prev Track */
     2c8:	81 e0       	ldi	r24, 0x01	; 1
     2ca:	f2 cf       	rjmp	.-28     	; 0x2b0 <__DATA_REGION_LENGTH__+0xb0>
                    else if (ActivePacketType == 0x02) {
                        // Extract Media Code mapping
                        uint8_t mediaRaw = CurrentFrameContext.RawBytes[0];
                        if (IsMediaUsage(mediaRaw)) {
                            MediaQueue_Push(MapMediaUsage(mediaRaw));
                        } else if (mediaRaw == 0x00) { // Catch empty release frames
     2cc:	e1 11       	cpse	r30, r1
     2ce:	d7 cf       	rjmp	.-82     	; 0x27e <__DATA_REGION_LENGTH__+0x7e>
                             MediaQueue_Push(0x0000); 
     2d0:	90 e0       	ldi	r25, 0x00	; 0
     2d2:	80 e0       	ldi	r24, 0x00	; 0
     2d4:	f7 cf       	rjmp	.-18     	; 0x2c4 <__DATA_REGION_LENGTH__+0xc4>

000002d6 <SetupHardware>:
        USB_USBTask();
    }
}

void SetupHardware(void)
{
     2d6:	af 92       	push	r10
     2d8:	bf 92       	push	r11
     2da:	df 92       	push	r13
     2dc:	ef 92       	push	r14
     2de:	ff 92       	push	r15
     2e0:	0f 93       	push	r16
     2e2:	1f 93       	push	r17
     2e4:	cf 93       	push	r28
     2e6:	df 93       	push	r29
     /* Disable watchdog if enabled by bootloader/fuses */
     MCUSR &= ~(1 << WDRF);
     2e8:	84 b7       	in	r24, 0x34	; 52
     2ea:	87 7f       	andi	r24, 0xF7	; 247
     2ec:	84 bf       	out	0x34, r24	; 52
		);
	}
	else
	{
        uint8_t register temp_reg;
		__asm__ __volatile__ (
     2ee:	0f b6       	in	r0, 0x3f	; 63
     2f0:	f8 94       	cli
     2f2:	a8 95       	wdr
     2f4:	80 91 60 00 	lds	r24, 0x0060	; 0x800060 <__TEXT_REGION_LENGTH__+0x7fe060>
     2f8:	88 61       	ori	r24, 0x18	; 24
     2fa:	80 93 60 00 	sts	0x0060, r24	; 0x800060 <__TEXT_REGION_LENGTH__+0x7fe060>
     2fe:	10 92 60 00 	sts	0x0060, r1	; 0x800060 <__TEXT_REGION_LENGTH__+0x7fe060>
     302:	0f be       	out	0x3f, r0	; 63
			 *  \param[in] DoubleSpeed  Enables double speed mode when set, halving the sample time to double the baud rate.
			 */
			static inline void Serial_Init(const uint32_t BaudRate,
			                               const bool DoubleSpeed)
			{
				UBRR1  = (DoubleSpeed ? SERIAL_2X_UBBRVAL(BaudRate) : SERIAL_UBBRVAL(BaudRate));
     304:	8c ec       	ldi	r24, 0xCC	; 204
     306:	a8 2e       	mov	r10, r24
     308:	b1 2c       	mov	r11, r1
     30a:	87 e6       	ldi	r24, 0x67	; 103
     30c:	90 e0       	ldi	r25, 0x00	; 0
     30e:	f5 01       	movw	r30, r10
     310:	91 83       	std	Z+1, r25	; 0x01
     312:	80 83       	st	Z, r24

				UCSR1C = ((1 << UCSZ11) | (1 << UCSZ10));
     314:	9a ec       	ldi	r25, 0xCA	; 202
     316:	e9 2e       	mov	r14, r25
     318:	f1 2c       	mov	r15, r1
     31a:	26 e0       	ldi	r18, 0x06	; 6
     31c:	d2 2e       	mov	r13, r18
     31e:	f7 01       	movw	r30, r14
     320:	d0 82       	st	Z, r13
				UCSR1A = (DoubleSpeed ? (1 << U2X1) : 0);
     322:	08 ec       	ldi	r16, 0xC8	; 200
     324:	10 e0       	ldi	r17, 0x00	; 0
     326:	f8 01       	movw	r30, r16
     328:	10 82       	st	Z, r1
				UCSR1B = ((1 << TXEN1)  | (1 << RXEN1));
     32a:	c9 ec       	ldi	r28, 0xC9	; 201
     32c:	d0 e0       	ldi	r29, 0x00	; 0
     32e:	88 e1       	ldi	r24, 0x18	; 24
     330:	88 83       	st	Y, r24
				
				DDRD  |= (1 << 3);
     332:	53 9a       	sbi	0x0a, 3	; 10
				PORTD |= (1 << 2);
     334:	5a 9a       	sbi	0x0b, 2	; 11
     wdt_disable();

     /* Hardware Initialization */
     Serial_Init(9600, false);
     USB_Init();
     336:	2d d3       	rcall	.+1626   	; 0x992 <USB_Init>

     /* Start the flush timer so that overflows occur rapidly to push received bytes to the USB interface */
     TCCR0B = (1 << CS02);
     338:	84 e0       	ldi	r24, 0x04	; 4
     33a:	85 bd       	out	0x25, r24	; 37
    
     /* Pull target /RESET line high */
     AVR_RESET_LINE_PORT |= AVR_RESET_LINE_MASK;
     33c:	5f 9a       	sbi	0x0b, 7	; 11
     AVR_RESET_LINE_DDR  |= AVR_RESET_LINE_MASK;
     33e:	57 9a       	sbi	0x0a, 7	; 10

     /* Must turn off USART before reconfiguring it, otherwise incorrect operation may occur */
     UCSR1B = 0;
     340:	18 82       	st	Y, r1
     UCSR1A = 0;
     342:	f8 01       	movw	r30, r16
     344:	10 82       	st	Z, r1
     UCSR1C = 0;
     346:	f7 01       	movw	r30, r14
     348:	10 82       	st	Z, r1

     /* Special case 57600 baud for compatibility with the ATmega328 bootloader. */    
     UBRR1  = SERIAL_2X_UBBRVAL(9600);
     34a:	8f ec       	ldi	r24, 0xCF	; 207
     34c:	90 e0       	ldi	r25, 0x00	; 0
     34e:	f5 01       	movw	r30, r10
     350:	91 83       	std	Z+1, r25	; 0x01
     352:	80 83       	st	Z, r24

     UCSR1C = ((1 << UCSZ11) | (1 << UCSZ10));
     354:	f7 01       	movw	r30, r14
     356:	d0 82       	st	Z, r13
     UCSR1A = (1 << U2X1);
     358:	82 e0       	ldi	r24, 0x02	; 2
     35a:	f8 01       	movw	r30, r16
     35c:	80 83       	st	Z, r24
     UCSR1B = ((1 << RXCIE1) | (1 << TXEN1) | (1 << RXEN1));
     35e:	88 e9       	ldi	r24, 0x98	; 152
     360:	88 83       	st	Y, r24
}
     362:	df 91       	pop	r29
     364:	cf 91       	pop	r28
     366:	1f 91       	pop	r17
     368:	0f 91       	pop	r16
     36a:	ff 90       	pop	r15
     36c:	ef 90       	pop	r14
     36e:	df 90       	pop	r13
     370:	bf 90       	pop	r11
     372:	af 90       	pop	r10
     374:	08 95       	ret

00000376 <main>:

/* ---------------------------------------------------------
 * Hardware Polling Loops & LUFA Integration
 * --------------------------------------------------------- */
int main(void) {
    SetupHardware();
     376:	af df       	rcall	.-162    	; 0x2d6 <SetupHardware>
    sei();

    for (;;) {
        // Execute background serial pipeline parsing continuously
        ProcessIncomingSerialData();
     378:	78 94       	sei
     37a:	1d df       	rcall	.-454    	; 0x1b6 <ProcessIncomingSerialData>

        // Service USB Endpoint transactions synchronously
        HID_Device_USBTask(&HID_KeyboardInterface);
     37c:	8d e0       	ldi	r24, 0x0D	; 13
     37e:	91 e0       	ldi	r25, 0x01	; 1
     380:	f0 d5       	rcall	.+3040   	; 0xf62 <HID_Device_USBTask>
        HID_Device_USBTask(&HID_MediaInterface);
     382:	80 e0       	ldi	r24, 0x00	; 0
     384:	91 e0       	ldi	r25, 0x01	; 1
     386:	ed d5       	rcall	.+3034   	; 0xf62 <HID_Device_USBTask>
        USB_USBTask();
     388:	a4 d4       	rcall	.+2376   	; 0xcd2 <USB_USBTask>
     38a:	f7 cf       	rjmp	.-18     	; 0x37a <main+0x4>

0000038c <CALLBACK_HID_Device_CreateHIDReport>:
     38c:	0f 93       	push	r16
    USB_ClassInfo_HID_Device_t* const HIDInterfaceInfo,
    uint8_t* const ReportID,
    const uint8_t ReportType,
    void* ReportData,
    uint16_t* const ReportSize)
{
     38e:	1f 93       	push	r17
     390:	cf 93       	push	r28
     392:	df 93       	push	r29
     394:	cd b7       	in	r28, 0x3d	; 61
     396:	de b7       	in	r29, 0x3e	; 62
     398:	28 97       	sbiw	r28, 0x08	; 8
     39a:	0f b6       	in	r0, 0x3f	; 63
     39c:	f8 94       	cli
     39e:	de bf       	out	0x3e, r29	; 62
     3a0:	0f be       	out	0x3f, r0	; 63
     3a2:	cd bf       	out	0x3d, r28	; 61
    (void)ReportID;
    (void)ReportType;

    // Output mapped matrix layout into Endpoint 1
    if (HIDInterfaceInfo == &HID_KeyboardInterface) {
     3a4:	41 e0       	ldi	r20, 0x01	; 1
     3a6:	8d 30       	cpi	r24, 0x0D	; 13
     3a8:	94 07       	cpc	r25, r20
     3aa:	e1 f5       	brne	.+120    	; 0x424 <__LOCK_REGION_LENGTH__+0x24>
    KeyboardTail = nextTail;
    return true;
}

static bool KeyboardQueue_Pop(USB_KeyboardReport_Data_t* Report) {
    if (KeyboardHead == KeyboardTail) return false;
     3ac:	90 91 c5 01 	lds	r25, 0x01C5	; 0x8001c5 <KeyboardHead>
     3b0:	80 91 c4 01 	lds	r24, 0x01C4	; 0x8001c4 <KeyboardTail>
     3b4:	98 13       	cpse	r25, r24
     3b6:	04 c0       	rjmp	.+8      	; 0x3c0 <CALLBACK_HID_Device_CreateHIDReport+0x34>
        MediaReport->Usage = 0;
        *ReportSize = sizeof(USB_MediaReport_Data_t);
        return false;
    }

    *ReportSize = 0;
     3b8:	f8 01       	movw	r30, r16
     3ba:	11 82       	std	Z+1, r1	; 0x01
     3bc:	10 82       	st	Z, r1
     3be:	6d c0       	rjmp	.+218    	; 0x49a <__LOCK_REGION_LENGTH__+0x9a>
    return true;
}

static bool KeyboardQueue_Pop(USB_KeyboardReport_Data_t* Report) {
    if (KeyboardHead == KeyboardTail) return false;
    *Report = KeyboardQueue[KeyboardHead];
     3c0:	e0 91 c5 01 	lds	r30, 0x01C5	; 0x8001c5 <KeyboardHead>
     3c4:	f0 e0       	ldi	r31, 0x00	; 0
     3c6:	93 e0       	ldi	r25, 0x03	; 3
     3c8:	ee 0f       	add	r30, r30
     3ca:	ff 1f       	adc	r31, r31
     3cc:	9a 95       	dec	r25
     3ce:	e1 f7       	brne	.-8      	; 0x3c8 <CALLBACK_HID_Device_CreateHIDReport+0x3c>
     3d0:	ea 53       	subi	r30, 0x3A	; 58
     3d2:	fe 4f       	sbci	r31, 0xFE	; 254
     3d4:	88 e0       	ldi	r24, 0x08	; 8
     3d6:	de 01       	movw	r26, r28
     3d8:	11 96       	adiw	r26, 0x01	; 1
     3da:	01 90       	ld	r0, Z+
     3dc:	0d 92       	st	X+, r0
     3de:	8a 95       	dec	r24
     3e0:	e1 f7       	brne	.-8      	; 0x3da <CALLBACK_HID_Device_CreateHIDReport+0x4e>
    KeyboardHead = (KeyboardHead + 1) % KEYBOARD_QUEUE_SIZE;
     3e2:	80 91 c5 01 	lds	r24, 0x01C5	; 0x8001c5 <KeyboardHead>
     3e6:	90 e0       	ldi	r25, 0x00	; 0
     3e8:	01 96       	adiw	r24, 0x01	; 1
     3ea:	87 70       	andi	r24, 0x07	; 7
     3ec:	99 27       	eor	r25, r25
     3ee:	80 93 c5 01 	sts	0x01C5, r24	; 0x8001c5 <KeyboardHead>
    // Output mapped matrix layout into Endpoint 1
    if (HIDInterfaceInfo == &HID_KeyboardInterface) {
        USB_KeyboardReport_Data_t activeBufferFrame;

        if (KeyboardQueue_Pop(&activeBufferFrame)) {
            memcpy(ReportData, &activeBufferFrame, sizeof(USB_KeyboardReport_Data_t));
     3f2:	88 e0       	ldi	r24, 0x08	; 8
     3f4:	fe 01       	movw	r30, r28
     3f6:	31 96       	adiw	r30, 0x01	; 1
     3f8:	d9 01       	movw	r26, r18
     3fa:	01 90       	ld	r0, Z+
     3fc:	0d 92       	st	X+, r0
     3fe:	8a 95       	dec	r24
     400:	e1 f7       	brne	.-8      	; 0x3fa <CALLBACK_HID_Device_CreateHIDReport+0x6e>
            *ReportSize = sizeof(USB_KeyboardReport_Data_t);
     402:	88 e0       	ldi	r24, 0x08	; 8
     404:	90 e0       	ldi	r25, 0x00	; 0
            }
        }
        else if (MediaState == MEDIA_SEND_RELEASE) {
            MediaReport->Usage = 0x0000;
            MediaState = MEDIA_IDLE;
            *ReportSize = sizeof(USB_MediaReport_Data_t);
     406:	f8 01       	movw	r30, r16
     408:	91 83       	std	Z+1, r25	; 0x01
     40a:	80 83       	st	Z, r24
            return true;
     40c:	81 e0       	ldi	r24, 0x01	; 1
        return false;
    }

    *ReportSize = 0;
    return false;
}
     40e:	28 96       	adiw	r28, 0x08	; 8
     410:	0f b6       	in	r0, 0x3f	; 63
     412:	f8 94       	cli
     414:	de bf       	out	0x3e, r29	; 62
     416:	0f be       	out	0x3f, r0	; 63
     418:	cd bf       	out	0x3d, r28	; 61
     41a:	df 91       	pop	r29
     41c:	cf 91       	pop	r28
     41e:	1f 91       	pop	r17
     420:	0f 91       	pop	r16
     422:	08 95       	ret
        *ReportSize = 0;
        return false;
    }

    // Output consumer command usages into Endpoint 2
    if (HIDInterfaceInfo == &HID_MediaInterface) {
     424:	80 50       	subi	r24, 0x00	; 0
     426:	91 40       	sbci	r25, 0x01	; 1
     428:	39 f6       	brne	.-114    	; 0x3b8 <CALLBACK_HID_Device_CreateHIDReport+0x2c>
        USB_MediaReport_Data_t* MediaReport = (USB_MediaReport_Data_t*)ReportData;

        if (MediaState == MEDIA_IDLE) {
     42a:	80 91 a1 01 	lds	r24, 0x01A1	; 0x8001a1 <MediaState>
     42e:	81 11       	cpse	r24, r1
     430:	24 c0       	rjmp	.+72     	; 0x47a <__LOCK_REGION_LENGTH__+0x7a>
    MediaTail = nextTail;
    return true;
}

static bool MediaQueue_Pop(uint16_t* Usage) {
    if (MediaHead == MediaTail) return false;
     432:	90 91 a3 01 	lds	r25, 0x01A3	; 0x8001a3 <MediaHead>
     436:	80 91 a2 01 	lds	r24, 0x01A2	; 0x8001a2 <MediaTail>
     43a:	98 17       	cp	r25, r24
     43c:	31 f1       	breq	.+76     	; 0x48a <__LOCK_REGION_LENGTH__+0x8a>
    *Usage = MediaQueue[MediaHead];
     43e:	e0 91 a3 01 	lds	r30, 0x01A3	; 0x8001a3 <MediaHead>
     442:	f0 e0       	ldi	r31, 0x00	; 0
     444:	ee 0f       	add	r30, r30
     446:	ff 1f       	adc	r31, r31
     448:	ec 55       	subi	r30, 0x5C	; 92
     44a:	fe 4f       	sbci	r31, 0xFE	; 254
     44c:	40 81       	ld	r20, Z
     44e:	51 81       	ldd	r21, Z+1	; 0x01
     450:	50 93 a0 01 	sts	0x01A0, r21	; 0x8001a0 <currentMediaUsage+0x1>
     454:	40 93 9f 01 	sts	0x019F, r20	; 0x80019f <currentMediaUsage>
    MediaHead = (MediaHead + 1) % MEDIA_QUEUE_SIZE;
     458:	80 91 a3 01 	lds	r24, 0x01A3	; 0x8001a3 <MediaHead>
     45c:	90 e0       	ldi	r25, 0x00	; 0
     45e:	01 96       	adiw	r24, 0x01	; 1
     460:	8f 70       	andi	r24, 0x0F	; 15
     462:	99 27       	eor	r25, r25
     464:	80 93 a3 01 	sts	0x01A3, r24	; 0x8001a3 <MediaHead>
    if (HIDInterfaceInfo == &HID_MediaInterface) {
        USB_MediaReport_Data_t* MediaReport = (USB_MediaReport_Data_t*)ReportData;

        if (MediaState == MEDIA_IDLE) {
            if (MediaQueue_Pop(&currentMediaUsage)) {
                MediaReport->Usage = currentMediaUsage;
     468:	f9 01       	movw	r30, r18
     46a:	51 83       	std	Z+1, r21	; 0x01
     46c:	40 83       	st	Z, r20
                MediaState = MEDIA_SEND_RELEASE;
     46e:	81 e0       	ldi	r24, 0x01	; 1
     470:	80 93 a1 01 	sts	0x01A1, r24	; 0x8001a1 <MediaState>
            }
        }
        else if (MediaState == MEDIA_SEND_RELEASE) {
            MediaReport->Usage = 0x0000;
            MediaState = MEDIA_IDLE;
            *ReportSize = sizeof(USB_MediaReport_Data_t);
     474:	82 e0       	ldi	r24, 0x02	; 2
     476:	90 e0       	ldi	r25, 0x00	; 0
     478:	c6 cf       	rjmp	.-116    	; 0x406 <__LOCK_REGION_LENGTH__+0x6>
                MediaState = MEDIA_SEND_RELEASE;
                *ReportSize = sizeof(USB_MediaReport_Data_t);
                return true;
            }
        }
        else if (MediaState == MEDIA_SEND_RELEASE) {
     47a:	81 30       	cpi	r24, 0x01	; 1
     47c:	31 f4       	brne	.+12     	; 0x48a <__LOCK_REGION_LENGTH__+0x8a>
            MediaReport->Usage = 0x0000;
     47e:	f9 01       	movw	r30, r18
     480:	11 82       	std	Z+1, r1	; 0x01
     482:	10 82       	st	Z, r1
            MediaState = MEDIA_IDLE;
     484:	10 92 a1 01 	sts	0x01A1, r1	; 0x8001a1 <MediaState>
     488:	f5 cf       	rjmp	.-22     	; 0x474 <__LOCK_REGION_LENGTH__+0x74>
            *ReportSize = sizeof(USB_MediaReport_Data_t);
            return true;
        }

        MediaReport->Usage = 0;
     48a:	f9 01       	movw	r30, r18
     48c:	11 82       	std	Z+1, r1	; 0x01
     48e:	10 82       	st	Z, r1
        *ReportSize = sizeof(USB_MediaReport_Data_t);
     490:	82 e0       	ldi	r24, 0x02	; 2
     492:	90 e0       	ldi	r25, 0x00	; 0
     494:	f8 01       	movw	r30, r16
     496:	91 83       	std	Z+1, r25	; 0x01
     498:	80 83       	st	Z, r24
        return false;
    }

    *ReportSize = 0;
    return false;
     49a:	80 e0       	ldi	r24, 0x00	; 0
     49c:	b8 cf       	rjmp	.-144    	; 0x40e <__LOCK_REGION_LENGTH__+0xe>

0000049e <CALLBACK_HID_Device_ProcessHIDReport>:
void CALLBACK_HID_Device_ProcessHIDReport(USB_ClassInfo_HID_Device_t* const HIDInterfaceInfo,
                                          const uint8_t ReportID,
                                          const uint8_t ReportType,
                                          const void* ReportData,
                                          const uint16_t ReportSize)
{ }
     49e:	08 95       	ret

000004a0 <EVENT_USB_Device_ConfigurationChanged>:

void EVENT_USB_Device_ConfigurationChanged(void) {
    HID_Device_ConfigureEndpoints(&HID_KeyboardInterface);
     4a0:	8d e0       	ldi	r24, 0x0D	; 13
     4a2:	91 e0       	ldi	r25, 0x01	; 1
     4a4:	3e d5       	rcall	.+2684   	; 0xf22 <HID_Device_ConfigureEndpoints>
    HID_Device_ConfigureEndpoints(&HID_MediaInterface);
     4a6:	80 e0       	ldi	r24, 0x00	; 0
     4a8:	91 e0       	ldi	r25, 0x01	; 1
     4aa:	3b d5       	rcall	.+2678   	; 0xf22 <HID_Device_ConfigureEndpoints>
			 *  at the start of each USB frame when enumerated in device mode.
			 */
			static inline void USB_Device_EnableSOFEvents(void) ATTR_ALWAYS_INLINE;
			static inline void USB_Device_EnableSOFEvents(void)
			{
				USB_INT_Enable(USB_INT_SOFI);
     4ac:	e2 ee       	ldi	r30, 0xE2	; 226
     4ae:	f0 e0       	ldi	r31, 0x00	; 0
     4b0:	80 81       	ld	r24, Z
     4b2:	84 60       	ori	r24, 0x04	; 4
     4b4:	80 83       	st	Z, r24
    USB_Device_EnableSOFEvents();
}
     4b6:	08 95       	ret

000004b8 <EVENT_USB_Device_UnhandledControlRequest>:

void EVENT_USB_Device_UnhandledControlRequest(void) {
    HID_Device_ProcessControlRequest(&HID_KeyboardInterface);
     4b8:	8d e0       	ldi	r24, 0x0D	; 13
     4ba:	91 e0       	ldi	r25, 0x01	; 1
     4bc:	1b d4       	rcall	.+2102   	; 0xcf4 <HID_Device_ProcessControlRequest>
    HID_Device_ProcessControlRequest(&HID_MediaInterface);
     4be:	80 e0       	ldi	r24, 0x00	; 0
     4c0:	91 e0       	ldi	r25, 0x01	; 1
     4c2:	18 c4       	rjmp	.+2096   	; 0xcf4 <HID_Device_ProcessControlRequest>

000004c4 <EVENT_USB_Device_StartOfFrame>:
			 *  \param[in,out] HIDInterfaceInfo  Pointer to a structure containing a HID Class configuration and state.
			 */
			static inline void HID_Device_MillisecondElapsed(USB_ClassInfo_HID_Device_t* const HIDInterfaceInfo) ATTR_ALWAYS_INLINE ATTR_NON_NULL_PTR_ARG(1);
			static inline void HID_Device_MillisecondElapsed(USB_ClassInfo_HID_Device_t* const HIDInterfaceInfo)
			{
				if (HIDInterfaceInfo->State.IdleMSRemaining)
     4c4:	80 91 18 01 	lds	r24, 0x0118	; 0x800118 <HID_KeyboardInterface+0xb>
     4c8:	90 91 19 01 	lds	r25, 0x0119	; 0x800119 <HID_KeyboardInterface+0xc>
     4cc:	00 97       	sbiw	r24, 0x00	; 0
     4ce:	29 f0       	breq	.+10     	; 0x4da <EVENT_USB_Device_StartOfFrame+0x16>
				  HIDInterfaceInfo->State.IdleMSRemaining--;
     4d0:	01 97       	sbiw	r24, 0x01	; 1
     4d2:	90 93 19 01 	sts	0x0119, r25	; 0x800119 <HID_KeyboardInterface+0xc>
     4d6:	80 93 18 01 	sts	0x0118, r24	; 0x800118 <HID_KeyboardInterface+0xb>
			 *  \param[in,out] HIDInterfaceInfo  Pointer to a structure containing a HID Class configuration and state.
			 */
			static inline void HID_Device_MillisecondElapsed(USB_ClassInfo_HID_Device_t* const HIDInterfaceInfo) ATTR_ALWAYS_INLINE ATTR_NON_NULL_PTR_ARG(1);
			static inline void HID_Device_MillisecondElapsed(USB_ClassInfo_HID_Device_t* const HIDInterfaceInfo)
			{
				if (HIDInterfaceInfo->State.IdleMSRemaining)
     4da:	80 91 0b 01 	lds	r24, 0x010B	; 0x80010b <__DATA_REGION_ORIGIN__+0xb>
     4de:	90 91 0c 01 	lds	r25, 0x010C	; 0x80010c <__DATA_REGION_ORIGIN__+0xc>
     4e2:	00 97       	sbiw	r24, 0x00	; 0
     4e4:	29 f0       	breq	.+10     	; 0x4f0 <EVENT_USB_Device_StartOfFrame+0x2c>
				  HIDInterfaceInfo->State.IdleMSRemaining--;
     4e6:	01 97       	sbiw	r24, 0x01	; 1
     4e8:	90 93 0c 01 	sts	0x010C, r25	; 0x80010c <__DATA_REGION_ORIGIN__+0xc>
     4ec:	80 93 0b 01 	sts	0x010B, r24	; 0x80010b <__DATA_REGION_ORIGIN__+0xb>
}

void EVENT_USB_Device_StartOfFrame(void) {
    HID_Device_MillisecondElapsed(&HID_KeyboardInterface);
    HID_Device_MillisecondElapsed(&HID_MediaInterface);
}
     4f0:	08 95       	ret

000004f2 <EVENT_USB_Device_Connect>:

void EVENT_USB_Device_Connect(void) { }
     4f2:	08 95       	ret

000004f4 <EVENT_USB_Device_Disconnect>:
     4f4:	08 95       	ret

000004f6 <__vector_23>:

/* ---------------------------------------------------------
 * Hardware Interrupt Sequence Vector
 * --------------------------------------------------------- */
ISR(USART1_RX_vect, ISR_BLOCK)
{
     4f6:	1f 92       	push	r1
     4f8:	0f 92       	push	r0
     4fa:	0f b6       	in	r0, 0x3f	; 63
     4fc:	0f 92       	push	r0
     4fe:	11 24       	eor	r1, r1
     500:	8f 93       	push	r24
     502:	9f 93       	push	r25
     504:	ef 93       	push	r30
     506:	ff 93       	push	r31
     // ALWAYS read first to clear the flag and prevent hardware lockups
     uint8_t ReceivedByte = UDR1;
     508:	80 91 ce 00 	lds	r24, 0x00CE	; 0x8000ce <__TEXT_REGION_LENGTH__+0x7fe0ce>

     // Append standard byte array values into the local circular parser ring allocation structure
     if (parserCount < SERIAL_PARSER_BUFFER_SIZE)
     50c:	90 91 5c 01 	lds	r25, 0x015C	; 0x80015c <parserCount>
     510:	90 34       	cpi	r25, 0x40	; 64
     512:	98 f4       	brcc	.+38     	; 0x53a <__vector_23+0x44>
     {
         parserBuffer[parserHead] = ReceivedByte;
     514:	e0 91 5e 01 	lds	r30, 0x015E	; 0x80015e <parserHead>
     518:	f0 e0       	ldi	r31, 0x00	; 0
     51a:	e1 5a       	subi	r30, 0xA1	; 161
     51c:	fe 4f       	sbci	r31, 0xFE	; 254
     51e:	80 83       	st	Z, r24
         parserHead = (parserHead + 1) % SERIAL_PARSER_BUFFER_SIZE;
     520:	80 91 5e 01 	lds	r24, 0x015E	; 0x80015e <parserHead>
     524:	90 e0       	ldi	r25, 0x00	; 0
     526:	01 96       	adiw	r24, 0x01	; 1
     528:	8f 73       	andi	r24, 0x3F	; 63
     52a:	99 27       	eor	r25, r25
     52c:	80 93 5e 01 	sts	0x015E, r24	; 0x80015e <parserHead>
         parserCount++;
     530:	80 91 5c 01 	lds	r24, 0x015C	; 0x80015c <parserCount>
     534:	8f 5f       	subi	r24, 0xFF	; 255
     536:	80 93 5c 01 	sts	0x015C, r24	; 0x80015c <parserCount>
     }
}
     53a:	ff 91       	pop	r31
     53c:	ef 91       	pop	r30
     53e:	9f 91       	pop	r25
     540:	8f 91       	pop	r24
     542:	0f 90       	pop	r0
     544:	0f be       	out	0x3f, r0	; 63
     546:	0f 90       	pop	r0
     548:	1f 90       	pop	r1
     54a:	18 95       	reti

0000054c <CALLBACK_USB_GetDescriptor>:
 *  is called so that the descriptor details can be passed back and the appropriate descriptor sent back to the
 *  USB host.
 */
uint16_t CALLBACK_USB_GetDescriptor(const uint16_t wValue, const uint8_t wIndex, void** const DescriptorAddress)
{
	const uint8_t  DescriptorType   = (wValue >> 8);
     54c:	29 2f       	mov	r18, r25
     54e:	33 27       	eor	r19, r19
	const uint8_t  DescriptorNumber = (wValue & 0xFF);

	void*    Address = NULL;
	uint16_t Size    = NO_DESCRIPTOR;

	switch (DescriptorType)
     550:	23 30       	cpi	r18, 0x03	; 3
     552:	31 05       	cpc	r19, r1
     554:	51 f1       	breq	.+84     	; 0x5aa <CALLBACK_USB_GetDescriptor+0x5e>
     556:	58 f4       	brcc	.+22     	; 0x56e <CALLBACK_USB_GetDescriptor+0x22>
     558:	21 30       	cpi	r18, 0x01	; 1
     55a:	31 05       	cpc	r19, r1
     55c:	c9 f0       	breq	.+50     	; 0x590 <CALLBACK_USB_GetDescriptor+0x44>
     55e:	22 30       	cpi	r18, 0x02	; 2
     560:	31 05       	cpc	r19, r1
     562:	f1 f0       	breq	.+60     	; 0x5a0 <CALLBACK_USB_GetDescriptor+0x54>
{
	const uint8_t  DescriptorType   = (wValue >> 8);
	const uint8_t  DescriptorNumber = (wValue & 0xFF);

	void*    Address = NULL;
	uint16_t Size    = NO_DESCRIPTOR;
     564:	90 e0       	ldi	r25, 0x00	; 0
     566:	80 e0       	ldi	r24, 0x00	; 0
uint16_t CALLBACK_USB_GetDescriptor(const uint16_t wValue, const uint8_t wIndex, void** const DescriptorAddress)
{
	const uint8_t  DescriptorType   = (wValue >> 8);
	const uint8_t  DescriptorNumber = (wValue & 0xFF);

	void*    Address = NULL;
     568:	30 e0       	ldi	r19, 0x00	; 0
     56a:	20 e0       	ldi	r18, 0x00	; 0
     56c:	15 c0       	rjmp	.+42     	; 0x598 <CALLBACK_USB_GetDescriptor+0x4c>
	uint16_t Size    = NO_DESCRIPTOR;

	switch (DescriptorType)
     56e:	21 32       	cpi	r18, 0x21	; 33
     570:	31 05       	cpc	r19, r1
     572:	71 f1       	breq	.+92     	; 0x5d0 <CALLBACK_USB_GetDescriptor+0x84>
     574:	22 32       	cpi	r18, 0x22	; 34
     576:	31 05       	cpc	r19, r1
     578:	a9 f7       	brne	.-22     	; 0x564 <CALLBACK_USB_GetDescriptor+0x18>
			if (wIndex == 0) { // Interface 0 asks for report
				Address = (void*)&KeyboardReport;
				Size    = sizeof(KeyboardReport);
			} else {           // Interface 1 asks for report
				Address = (void*)&MediaReport;
				Size    = sizeof(MediaReport);
     57a:	87 e1       	ldi	r24, 0x17	; 23
     57c:	90 e0       	ldi	r25, 0x00	; 0
		case DTYPE_Report:
			if (wIndex == 0) { // Interface 0 asks for report
				Address = (void*)&KeyboardReport;
				Size    = sizeof(KeyboardReport);
			} else {           // Interface 1 asks for report
				Address = (void*)&MediaReport;
     57e:	23 ef       	ldi	r18, 0xF3	; 243
     580:	30 e0       	ldi	r19, 0x00	; 0
				Address = (void*)&ConfigurationDescriptor.HID_MediaHID;
				Size    = sizeof(USB_HID_Descriptor_t);
			}
			break;
		case DTYPE_Report:
			if (wIndex == 0) { // Interface 0 asks for report
     582:	61 11       	cpse	r22, r1
     584:	09 c0       	rjmp	.+18     	; 0x598 <CALLBACK_USB_GetDescriptor+0x4c>
				Address = (void*)&KeyboardReport;
				Size    = sizeof(KeyboardReport);
     586:	8f e3       	ldi	r24, 0x3F	; 63
     588:	90 e0       	ldi	r25, 0x00	; 0
				Size    = sizeof(USB_HID_Descriptor_t);
			}
			break;
		case DTYPE_Report:
			if (wIndex == 0) { // Interface 0 asks for report
				Address = (void*)&KeyboardReport;
     58a:	2a e0       	ldi	r18, 0x0A	; 10
     58c:	31 e0       	ldi	r19, 0x01	; 1
     58e:	04 c0       	rjmp	.+8      	; 0x598 <CALLBACK_USB_GetDescriptor+0x4c>

	switch (DescriptorType)
	{
		case DTYPE_Device: 
			Address = (void*)&DeviceDescriptor;
			Size    = sizeof(USB_Descriptor_Device_t);
     590:	82 e1       	ldi	r24, 0x12	; 18
     592:	90 e0       	ldi	r25, 0x00	; 0
	uint16_t Size    = NO_DESCRIPTOR;

	switch (DescriptorType)
	{
		case DTYPE_Device: 
			Address = (void*)&DeviceDescriptor;
     594:	21 ee       	ldi	r18, 0xE1	; 225
     596:	30 e0       	ldi	r19, 0x00	; 0
				Size    = sizeof(MediaReport);
			}
			break;
	}
	
	*DescriptorAddress = Address;
     598:	fa 01       	movw	r30, r20
     59a:	31 83       	std	Z+1, r19	; 0x01
     59c:	20 83       	st	Z, r18
	return Size;
}
     59e:	08 95       	ret
			Address = (void*)&DeviceDescriptor;
			Size    = sizeof(USB_Descriptor_Device_t);
			break;
		case DTYPE_Configuration: 
			Address = (void*)&ConfigurationDescriptor;
			Size    = sizeof(USB_Descriptor_Configuration_t);
     5a0:	83 e4       	ldi	r24, 0x43	; 67
     5a2:	90 e0       	ldi	r25, 0x00	; 0
		case DTYPE_Device: 
			Address = (void*)&DeviceDescriptor;
			Size    = sizeof(USB_Descriptor_Device_t);
			break;
		case DTYPE_Configuration: 
			Address = (void*)&ConfigurationDescriptor;
     5a4:	2e e9       	ldi	r18, 0x9E	; 158
     5a6:	30 e0       	ldi	r19, 0x00	; 0
			Size    = sizeof(USB_Descriptor_Configuration_t);
			break;
     5a8:	f7 cf       	rjmp	.-18     	; 0x598 <CALLBACK_USB_GetDescriptor+0x4c>
		case DTYPE_String: 
			switch (DescriptorNumber)
     5aa:	99 27       	eor	r25, r25
     5ac:	81 30       	cpi	r24, 0x01	; 1
     5ae:	91 05       	cpc	r25, r1
     5b0:	61 f0       	breq	.+24     	; 0x5ca <CALLBACK_USB_GetDescriptor+0x7e>
     5b2:	28 f0       	brcs	.+10     	; 0x5be <CALLBACK_USB_GetDescriptor+0x72>
     5b4:	02 97       	sbiw	r24, 0x02	; 2
     5b6:	b1 f6       	brne	.-84     	; 0x564 <CALLBACK_USB_GetDescriptor+0x18>
					Address = (void*)&ManufacturerString;
					Size    = pgm_read_byte(&ManufacturerString.Header.Size);
					break;
				case 0x02: 
					Address = (void*)&ProductString;
					Size    = pgm_read_byte(&ProductString.Header.Size);
     5b8:	e4 e7       	ldi	r30, 0x74	; 116
     5ba:	f0 e0       	ldi	r31, 0x00	; 0
     5bc:	02 c0       	rjmp	.+4      	; 0x5c2 <CALLBACK_USB_GetDescriptor+0x76>
		case DTYPE_String: 
			switch (DescriptorNumber)
			{
				case 0x00: 
					Address = (void*)&LanguageString;
					Size    = pgm_read_byte(&LanguageString.Header.Size);
     5be:	ea e9       	ldi	r30, 0x9A	; 154
     5c0:	f0 e0       	ldi	r31, 0x00	; 0
					Address = (void*)&ManufacturerString;
					Size    = pgm_read_byte(&ManufacturerString.Header.Size);
					break;
				case 0x02: 
					Address = (void*)&ProductString;
					Size    = pgm_read_byte(&ProductString.Header.Size);
     5c2:	84 91       	lpm	r24, Z
     5c4:	90 e0       	ldi	r25, 0x00	; 0
				case 0x01: 
					Address = (void*)&ManufacturerString;
					Size    = pgm_read_byte(&ManufacturerString.Header.Size);
					break;
				case 0x02: 
					Address = (void*)&ProductString;
     5c6:	9f 01       	movw	r18, r30
					Size    = pgm_read_byte(&ProductString.Header.Size);
					break;
     5c8:	e7 cf       	rjmp	.-50     	; 0x598 <CALLBACK_USB_GetDescriptor+0x4c>
					Address = (void*)&LanguageString;
					Size    = pgm_read_byte(&LanguageString.Header.Size);
					break;
				case 0x01: 
					Address = (void*)&ManufacturerString;
					Size    = pgm_read_byte(&ManufacturerString.Header.Size);
     5ca:	e8 e8       	ldi	r30, 0x88	; 136
     5cc:	f0 e0       	ldi	r31, 0x00	; 0
     5ce:	f9 cf       	rjmp	.-14     	; 0x5c2 <CALLBACK_USB_GetDescriptor+0x76>
			
			break;
		case DTYPE_HID: 
			if (wIndex == 0) {
				Address = (void*)&ConfigurationDescriptor.HID_KeyboardHID;
				Size    = sizeof(USB_HID_Descriptor_t);
     5d0:	89 e0       	ldi	r24, 0x09	; 9
     5d2:	90 e0       	ldi	r25, 0x00	; 0
			} else {
				Address = (void*)&ConfigurationDescriptor.HID_MediaHID;
     5d4:	21 ed       	ldi	r18, 0xD1	; 209
     5d6:	30 e0       	ldi	r19, 0x00	; 0
					break;
			}
			
			break;
		case DTYPE_HID: 
			if (wIndex == 0) {
     5d8:	61 11       	cpse	r22, r1
     5da:	de cf       	rjmp	.-68     	; 0x598 <CALLBACK_USB_GetDescriptor+0x4c>
				Address = (void*)&ConfigurationDescriptor.HID_KeyboardHID;
     5dc:	28 eb       	ldi	r18, 0xB8	; 184
     5de:	30 e0       	ldi	r19, 0x00	; 0
     5e0:	db cf       	rjmp	.-74     	; 0x598 <CALLBACK_USB_GetDescriptor+0x4c>

000005e2 <Endpoint_BytesToEPSizeMaskDynamic>:

		if (Endpoint_IsOUTReceived())
		  break;
		
		if (USB_DeviceState == DEVICE_STATE_Unattached)
		  return ENDPOINT_RWCSTREAM_DeviceDisconnected;
     5e2:	ac 01       	movw	r20, r24
     5e4:	28 e0       	ldi	r18, 0x08	; 8
     5e6:	30 e0       	ldi	r19, 0x00	; 0
     5e8:	80 e0       	ldi	r24, 0x00	; 0
     5ea:	24 17       	cp	r18, r20
     5ec:	35 07       	cpc	r19, r21
     5ee:	18 f0       	brcs	.+6      	; 0x5f6 <Endpoint_BytesToEPSizeMaskDynamic+0x14>
     5f0:	82 95       	swap	r24
     5f2:	80 7f       	andi	r24, 0xF0	; 240
     5f4:	08 95       	ret
     5f6:	8f 5f       	subi	r24, 0xFF	; 255
     5f8:	22 0f       	add	r18, r18
     5fa:	33 1f       	adc	r19, r19
     5fc:	f6 cf       	rjmp	.-20     	; 0x5ea <Endpoint_BytesToEPSizeMaskDynamic+0x8>

000005fe <Endpoint_ConfigureEndpoint_Prv>:
     5fe:	80 93 e9 00 	sts	0x00E9, r24	; 0x8000e9 <__TEXT_REGION_LENGTH__+0x7fe0e9>
     602:	eb ee       	ldi	r30, 0xEB	; 235
     604:	f0 e0       	ldi	r31, 0x00	; 0
     606:	80 81       	ld	r24, Z
     608:	81 60       	ori	r24, 0x01	; 1
     60a:	80 83       	st	Z, r24
     60c:	ed ee       	ldi	r30, 0xED	; 237
     60e:	f0 e0       	ldi	r31, 0x00	; 0
     610:	10 82       	st	Z, r1
     612:	60 93 ec 00 	sts	0x00EC, r22	; 0x8000ec <__TEXT_REGION_LENGTH__+0x7fe0ec>
     616:	40 83       	st	Z, r20
     618:	80 91 ee 00 	lds	r24, 0x00EE	; 0x8000ee <__TEXT_REGION_LENGTH__+0x7fe0ee>
     61c:	88 1f       	adc	r24, r24
     61e:	88 27       	eor	r24, r24
     620:	88 1f       	adc	r24, r24
     622:	08 95       	ret

00000624 <Endpoint_ClearEndpoints>:
     624:	10 92 f4 00 	sts	0x00F4, r1	; 0x8000f4 <__TEXT_REGION_LENGTH__+0x7fe0f4>
     628:	80 e0       	ldi	r24, 0x00	; 0
     62a:	80 93 e9 00 	sts	0x00E9, r24	; 0x8000e9 <__TEXT_REGION_LENGTH__+0x7fe0e9>
     62e:	10 92 f0 00 	sts	0x00F0, r1	; 0x8000f0 <__TEXT_REGION_LENGTH__+0x7fe0f0>
     632:	10 92 e8 00 	sts	0x00E8, r1	; 0x8000e8 <__TEXT_REGION_LENGTH__+0x7fe0e8>
     636:	10 92 ed 00 	sts	0x00ED, r1	; 0x8000ed <__TEXT_REGION_LENGTH__+0x7fe0ed>
     63a:	90 91 eb 00 	lds	r25, 0x00EB	; 0x8000eb <__TEXT_REGION_LENGTH__+0x7fe0eb>
     63e:	9e 7f       	andi	r25, 0xFE	; 254
     640:	90 93 eb 00 	sts	0x00EB, r25	; 0x8000eb <__TEXT_REGION_LENGTH__+0x7fe0eb>
     644:	8f 5f       	subi	r24, 0xFF	; 255
     646:	85 30       	cpi	r24, 0x05	; 5
     648:	81 f7       	brne	.-32     	; 0x62a <Endpoint_ClearEndpoints+0x6>
     64a:	08 95       	ret

0000064c <Endpoint_ClearStatusStage>:
     64c:	80 91 12 02 	lds	r24, 0x0212	; 0x800212 <USB_ControlRequest>
     650:	87 ff       	sbrs	r24, 7
     652:	11 c0       	rjmp	.+34     	; 0x676 <Endpoint_ClearStatusStage+0x2a>
     654:	80 91 e8 00 	lds	r24, 0x00E8	; 0x8000e8 <__TEXT_REGION_LENGTH__+0x7fe0e8>
     658:	82 ff       	sbrs	r24, 2
     65a:	06 c0       	rjmp	.+12     	; 0x668 <Endpoint_ClearStatusStage+0x1c>
     65c:	80 91 e8 00 	lds	r24, 0x00E8	; 0x8000e8 <__TEXT_REGION_LENGTH__+0x7fe0e8>
     660:	8b 77       	andi	r24, 0x7B	; 123
     662:	80 93 e8 00 	sts	0x00E8, r24	; 0x8000e8 <__TEXT_REGION_LENGTH__+0x7fe0e8>
     666:	03 c0       	rjmp	.+6      	; 0x66e <Endpoint_ClearStatusStage+0x22>
     668:	8e b3       	in	r24, 0x1e	; 30
     66a:	81 11       	cpse	r24, r1
     66c:	f3 cf       	rjmp	.-26     	; 0x654 <Endpoint_ClearStatusStage+0x8>
     66e:	08 95       	ret
     670:	8e b3       	in	r24, 0x1e	; 30
     672:	88 23       	and	r24, r24
     674:	e1 f3       	breq	.-8      	; 0x66e <Endpoint_ClearStatusStage+0x22>
     676:	80 91 e8 00 	lds	r24, 0x00E8	; 0x8000e8 <__TEXT_REGION_LENGTH__+0x7fe0e8>
     67a:	80 ff       	sbrs	r24, 0
     67c:	f9 cf       	rjmp	.-14     	; 0x670 <Endpoint_ClearStatusStage+0x24>
     67e:	80 91 e8 00 	lds	r24, 0x00E8	; 0x8000e8 <__TEXT_REGION_LENGTH__+0x7fe0e8>
     682:	8e 77       	andi	r24, 0x7E	; 126
     684:	ee cf       	rjmp	.-36     	; 0x662 <Endpoint_ClearStatusStage+0x16>

00000686 <Endpoint_WaitUntilReady>:
     686:	85 e6       	ldi	r24, 0x65	; 101
     688:	90 91 ec 00 	lds	r25, 0x00EC	; 0x8000ec <__TEXT_REGION_LENGTH__+0x7fe0ec>
     68c:	90 ff       	sbrs	r25, 0
     68e:	06 c0       	rjmp	.+12     	; 0x69c <Endpoint_WaitUntilReady+0x16>
     690:	90 91 e8 00 	lds	r25, 0x00E8	; 0x8000e8 <__TEXT_REGION_LENGTH__+0x7fe0e8>
     694:	90 ff       	sbrs	r25, 0
     696:	06 c0       	rjmp	.+12     	; 0x6a4 <Endpoint_WaitUntilReady+0x1e>
     698:	80 e0       	ldi	r24, 0x00	; 0
     69a:	08 95       	ret
     69c:	90 91 e8 00 	lds	r25, 0x00E8	; 0x8000e8 <__TEXT_REGION_LENGTH__+0x7fe0e8>
     6a0:	92 fd       	sbrc	r25, 2
     6a2:	fa cf       	rjmp	.-12     	; 0x698 <Endpoint_WaitUntilReady+0x12>
     6a4:	9e b3       	in	r25, 0x1e	; 30
     6a6:	99 23       	and	r25, r25
     6a8:	a1 f0       	breq	.+40     	; 0x6d2 <Endpoint_WaitUntilReady+0x4c>
     6aa:	9e b3       	in	r25, 0x1e	; 30
     6ac:	95 30       	cpi	r25, 0x05	; 5
     6ae:	99 f0       	breq	.+38     	; 0x6d6 <Endpoint_WaitUntilReady+0x50>
     6b0:	90 91 eb 00 	lds	r25, 0x00EB	; 0x8000eb <__TEXT_REGION_LENGTH__+0x7fe0eb>
     6b4:	95 fd       	sbrc	r25, 5
     6b6:	11 c0       	rjmp	.+34     	; 0x6da <Endpoint_WaitUntilReady+0x54>
     6b8:	90 91 e1 00 	lds	r25, 0x00E1	; 0x8000e1 <__TEXT_REGION_LENGTH__+0x7fe0e1>
     6bc:	92 ff       	sbrs	r25, 2
     6be:	e4 cf       	rjmp	.-56     	; 0x688 <Endpoint_WaitUntilReady+0x2>
     6c0:	90 91 e1 00 	lds	r25, 0x00E1	; 0x8000e1 <__TEXT_REGION_LENGTH__+0x7fe0e1>
     6c4:	9b 7f       	andi	r25, 0xFB	; 251
     6c6:	90 93 e1 00 	sts	0x00E1, r25	; 0x8000e1 <__TEXT_REGION_LENGTH__+0x7fe0e1>
     6ca:	81 50       	subi	r24, 0x01	; 1
     6cc:	e9 f6       	brne	.-70     	; 0x688 <Endpoint_WaitUntilReady+0x2>
     6ce:	84 e0       	ldi	r24, 0x04	; 4
     6d0:	08 95       	ret
     6d2:	82 e0       	ldi	r24, 0x02	; 2
     6d4:	08 95       	ret
     6d6:	83 e0       	ldi	r24, 0x03	; 3
     6d8:	08 95       	ret
     6da:	81 e0       	ldi	r24, 0x01	; 1
     6dc:	08 95       	ret

000006de <Endpoint_Write_Stream_LE>:
     6de:	cf 92       	push	r12
     6e0:	df 92       	push	r13
     6e2:	ef 92       	push	r14
     6e4:	ff 92       	push	r15
     6e6:	0f 93       	push	r16
     6e8:	1f 93       	push	r17
     6ea:	cf 93       	push	r28
     6ec:	7c 01       	movw	r14, r24
     6ee:	8b 01       	movw	r16, r22
     6f0:	6a 01       	movw	r12, r20
     6f2:	c9 df       	rcall	.-110    	; 0x686 <Endpoint_WaitUntilReady>
     6f4:	c8 2f       	mov	r28, r24
     6f6:	88 23       	and	r24, r24
     6f8:	c1 f0       	breq	.+48     	; 0x72a <Endpoint_Write_Stream_LE+0x4c>
     6fa:	8c 2f       	mov	r24, r28
     6fc:	cf 91       	pop	r28
     6fe:	1f 91       	pop	r17
     700:	0f 91       	pop	r16
     702:	ff 90       	pop	r15
     704:	ef 90       	pop	r14
     706:	df 90       	pop	r13
     708:	cf 90       	pop	r12
     70a:	08 95       	ret
     70c:	f6 01       	movw	r30, r12
     70e:	09 95       	icall
     710:	81 30       	cpi	r24, 0x01	; 1
     712:	d1 f4       	brne	.+52     	; 0x748 <Endpoint_Write_Stream_LE+0x6a>
     714:	c5 e0       	ldi	r28, 0x05	; 5
     716:	f1 cf       	rjmp	.-30     	; 0x6fa <Endpoint_Write_Stream_LE+0x1c>
     718:	f7 01       	movw	r30, r14
     71a:	80 81       	ld	r24, Z
     71c:	80 93 f1 00 	sts	0x00F1, r24	; 0x8000f1 <__TEXT_REGION_LENGTH__+0x7fe0f1>
     720:	01 50       	subi	r16, 0x01	; 1
     722:	11 09       	sbc	r17, r1
     724:	c7 01       	movw	r24, r14
     726:	01 96       	adiw	r24, 0x01	; 1
     728:	7c 01       	movw	r14, r24
     72a:	01 15       	cp	r16, r1
     72c:	11 05       	cpc	r17, r1
     72e:	29 f3       	breq	.-54     	; 0x6fa <Endpoint_Write_Stream_LE+0x1c>
     730:	80 91 e8 00 	lds	r24, 0x00E8	; 0x8000e8 <__TEXT_REGION_LENGTH__+0x7fe0e8>
     734:	85 fd       	sbrc	r24, 5
     736:	f0 cf       	rjmp	.-32     	; 0x718 <Endpoint_Write_Stream_LE+0x3a>
     738:	80 91 e8 00 	lds	r24, 0x00E8	; 0x8000e8 <__TEXT_REGION_LENGTH__+0x7fe0e8>
     73c:	8e 77       	andi	r24, 0x7E	; 126
     73e:	80 93 e8 00 	sts	0x00E8, r24	; 0x8000e8 <__TEXT_REGION_LENGTH__+0x7fe0e8>
     742:	c1 14       	cp	r12, r1
     744:	d1 04       	cpc	r13, r1
     746:	11 f7       	brne	.-60     	; 0x70c <Endpoint_Write_Stream_LE+0x2e>
     748:	9e df       	rcall	.-196    	; 0x686 <Endpoint_WaitUntilReady>
     74a:	88 23       	and	r24, r24
     74c:	71 f3       	breq	.-36     	; 0x72a <Endpoint_Write_Stream_LE+0x4c>
     74e:	c8 2f       	mov	r28, r24
     750:	d4 cf       	rjmp	.-88     	; 0x6fa <Endpoint_Write_Stream_LE+0x1c>

00000752 <Endpoint_Write_Control_Stream_LE>:
     752:	20 91 18 02 	lds	r18, 0x0218	; 0x800218 <USB_ControlRequest+0x6>
     756:	30 91 19 02 	lds	r19, 0x0219	; 0x800219 <USB_ControlRequest+0x7>
     75a:	26 17       	cp	r18, r22
     75c:	37 07       	cpc	r19, r23
     75e:	a0 f0       	brcs	.+40     	; 0x788 <Endpoint_Write_Control_Stream_LE+0x36>
     760:	61 15       	cp	r22, r1
     762:	71 05       	cpc	r23, r1
     764:	29 f4       	brne	.+10     	; 0x770 <Endpoint_Write_Control_Stream_LE+0x1e>
     766:	20 91 e8 00 	lds	r18, 0x00E8	; 0x8000e8 <__TEXT_REGION_LENGTH__+0x7fe0e8>
     76a:	2e 77       	andi	r18, 0x7E	; 126
     76c:	20 93 e8 00 	sts	0x00E8, r18	; 0x8000e8 <__TEXT_REGION_LENGTH__+0x7fe0e8>
     770:	30 e0       	ldi	r19, 0x00	; 0
     772:	61 15       	cp	r22, r1
     774:	71 05       	cpc	r23, r1
     776:	51 f4       	brne	.+20     	; 0x78c <Endpoint_Write_Control_Stream_LE+0x3a>
     778:	31 11       	cpse	r19, r1
     77a:	08 c0       	rjmp	.+16     	; 0x78c <Endpoint_Write_Control_Stream_LE+0x3a>
     77c:	80 91 e8 00 	lds	r24, 0x00E8	; 0x8000e8 <__TEXT_REGION_LENGTH__+0x7fe0e8>
     780:	82 ff       	sbrs	r24, 2
     782:	30 c0       	rjmp	.+96     	; 0x7e4 <Endpoint_Write_Control_Stream_LE+0x92>
     784:	80 e0       	ldi	r24, 0x00	; 0
     786:	08 95       	ret
     788:	b9 01       	movw	r22, r18
     78a:	f2 cf       	rjmp	.-28     	; 0x770 <Endpoint_Write_Control_Stream_LE+0x1e>
     78c:	20 91 e8 00 	lds	r18, 0x00E8	; 0x8000e8 <__TEXT_REGION_LENGTH__+0x7fe0e8>
     790:	23 fd       	sbrc	r18, 3
     792:	30 c0       	rjmp	.+96     	; 0x7f4 <Endpoint_Write_Control_Stream_LE+0xa2>
     794:	20 91 e8 00 	lds	r18, 0x00E8	; 0x8000e8 <__TEXT_REGION_LENGTH__+0x7fe0e8>
     798:	22 fd       	sbrc	r18, 2
     79a:	f0 cf       	rjmp	.-32     	; 0x77c <Endpoint_Write_Control_Stream_LE+0x2a>
     79c:	2e b3       	in	r18, 0x1e	; 30
     79e:	22 23       	and	r18, r18
     7a0:	59 f1       	breq	.+86     	; 0x7f8 <Endpoint_Write_Control_Stream_LE+0xa6>
     7a2:	2e b3       	in	r18, 0x1e	; 30
     7a4:	25 30       	cpi	r18, 0x05	; 5
     7a6:	21 f1       	breq	.+72     	; 0x7f0 <Endpoint_Write_Control_Stream_LE+0x9e>
     7a8:	20 91 e8 00 	lds	r18, 0x00E8	; 0x8000e8 <__TEXT_REGION_LENGTH__+0x7fe0e8>
     7ac:	20 ff       	sbrs	r18, 0
     7ae:	e1 cf       	rjmp	.-62     	; 0x772 <Endpoint_Write_Control_Stream_LE+0x20>
     7b0:	20 91 f2 00 	lds	r18, 0x00F2	; 0x8000f2 <__TEXT_REGION_LENGTH__+0x7fe0f2>
     7b4:	fc 01       	movw	r30, r24
     7b6:	cf 01       	movw	r24, r30
     7b8:	61 15       	cp	r22, r1
     7ba:	71 05       	cpc	r23, r1
     7bc:	11 f0       	breq	.+4      	; 0x7c2 <Endpoint_Write_Control_Stream_LE+0x70>
     7be:	28 30       	cpi	r18, 0x08	; 8
     7c0:	50 f0       	brcs	.+20     	; 0x7d6 <Endpoint_Write_Control_Stream_LE+0x84>
     7c2:	31 e0       	ldi	r19, 0x01	; 1
     7c4:	28 30       	cpi	r18, 0x08	; 8
     7c6:	09 f0       	breq	.+2      	; 0x7ca <Endpoint_Write_Control_Stream_LE+0x78>
     7c8:	30 e0       	ldi	r19, 0x00	; 0
     7ca:	20 91 e8 00 	lds	r18, 0x00E8	; 0x8000e8 <__TEXT_REGION_LENGTH__+0x7fe0e8>
     7ce:	2e 77       	andi	r18, 0x7E	; 126
     7d0:	20 93 e8 00 	sts	0x00E8, r18	; 0x8000e8 <__TEXT_REGION_LENGTH__+0x7fe0e8>
     7d4:	ce cf       	rjmp	.-100    	; 0x772 <Endpoint_Write_Control_Stream_LE+0x20>
     7d6:	81 91       	ld	r24, Z+
     7d8:	80 93 f1 00 	sts	0x00F1, r24	; 0x8000f1 <__TEXT_REGION_LENGTH__+0x7fe0f1>
     7dc:	61 50       	subi	r22, 0x01	; 1
     7de:	71 09       	sbc	r23, r1
     7e0:	2f 5f       	subi	r18, 0xFF	; 255
     7e2:	e9 cf       	rjmp	.-46     	; 0x7b6 <Endpoint_Write_Control_Stream_LE+0x64>
     7e4:	8e b3       	in	r24, 0x1e	; 30
     7e6:	88 23       	and	r24, r24
     7e8:	39 f0       	breq	.+14     	; 0x7f8 <Endpoint_Write_Control_Stream_LE+0xa6>
     7ea:	8e b3       	in	r24, 0x1e	; 30
     7ec:	85 30       	cpi	r24, 0x05	; 5
     7ee:	31 f6       	brne	.-116    	; 0x77c <Endpoint_Write_Control_Stream_LE+0x2a>
     7f0:	83 e0       	ldi	r24, 0x03	; 3
     7f2:	08 95       	ret
     7f4:	81 e0       	ldi	r24, 0x01	; 1
     7f6:	08 95       	ret
     7f8:	82 e0       	ldi	r24, 0x02	; 2
     7fa:	08 95       	ret

000007fc <Endpoint_Write_Control_PStream_LE>:
     7fc:	20 91 18 02 	lds	r18, 0x0218	; 0x800218 <USB_ControlRequest+0x6>
     800:	30 91 19 02 	lds	r19, 0x0219	; 0x800219 <USB_ControlRequest+0x7>
     804:	26 17       	cp	r18, r22
     806:	37 07       	cpc	r19, r23
     808:	a0 f0       	brcs	.+40     	; 0x832 <Endpoint_Write_Control_PStream_LE+0x36>
     80a:	61 15       	cp	r22, r1
     80c:	71 05       	cpc	r23, r1
     80e:	29 f4       	brne	.+10     	; 0x81a <Endpoint_Write_Control_PStream_LE+0x1e>
     810:	20 91 e8 00 	lds	r18, 0x00E8	; 0x8000e8 <__TEXT_REGION_LENGTH__+0x7fe0e8>
     814:	2e 77       	andi	r18, 0x7E	; 126
     816:	20 93 e8 00 	sts	0x00E8, r18	; 0x8000e8 <__TEXT_REGION_LENGTH__+0x7fe0e8>
     81a:	30 e0       	ldi	r19, 0x00	; 0
     81c:	61 15       	cp	r22, r1
     81e:	71 05       	cpc	r23, r1
     820:	51 f4       	brne	.+20     	; 0x836 <Endpoint_Write_Control_PStream_LE+0x3a>
     822:	31 11       	cpse	r19, r1
     824:	08 c0       	rjmp	.+16     	; 0x836 <Endpoint_Write_Control_PStream_LE+0x3a>
     826:	80 91 e8 00 	lds	r24, 0x00E8	; 0x8000e8 <__TEXT_REGION_LENGTH__+0x7fe0e8>
     82a:	82 ff       	sbrs	r24, 2
     82c:	31 c0       	rjmp	.+98     	; 0x890 <Endpoint_Write_Control_PStream_LE+0x94>
     82e:	80 e0       	ldi	r24, 0x00	; 0
     830:	08 95       	ret
     832:	b9 01       	movw	r22, r18
     834:	f2 cf       	rjmp	.-28     	; 0x81a <Endpoint_Write_Control_PStream_LE+0x1e>
     836:	20 91 e8 00 	lds	r18, 0x00E8	; 0x8000e8 <__TEXT_REGION_LENGTH__+0x7fe0e8>
     83a:	23 fd       	sbrc	r18, 3
     83c:	31 c0       	rjmp	.+98     	; 0x8a0 <Endpoint_Write_Control_PStream_LE+0xa4>
     83e:	20 91 e8 00 	lds	r18, 0x00E8	; 0x8000e8 <__TEXT_REGION_LENGTH__+0x7fe0e8>
     842:	22 fd       	sbrc	r18, 2
     844:	f0 cf       	rjmp	.-32     	; 0x826 <Endpoint_Write_Control_PStream_LE+0x2a>
     846:	2e b3       	in	r18, 0x1e	; 30
     848:	22 23       	and	r18, r18
     84a:	61 f1       	breq	.+88     	; 0x8a4 <Endpoint_Write_Control_PStream_LE+0xa8>
     84c:	2e b3       	in	r18, 0x1e	; 30
     84e:	25 30       	cpi	r18, 0x05	; 5
     850:	29 f1       	breq	.+74     	; 0x89c <Endpoint_Write_Control_PStream_LE+0xa0>
     852:	20 91 e8 00 	lds	r18, 0x00E8	; 0x8000e8 <__TEXT_REGION_LENGTH__+0x7fe0e8>
     856:	20 ff       	sbrs	r18, 0
     858:	e1 cf       	rjmp	.-62     	; 0x81c <Endpoint_Write_Control_PStream_LE+0x20>
     85a:	20 91 f2 00 	lds	r18, 0x00F2	; 0x8000f2 <__TEXT_REGION_LENGTH__+0x7fe0f2>
     85e:	fc 01       	movw	r30, r24
     860:	cf 01       	movw	r24, r30
     862:	61 15       	cp	r22, r1
     864:	71 05       	cpc	r23, r1
     866:	11 f0       	breq	.+4      	; 0x86c <Endpoint_Write_Control_PStream_LE+0x70>
     868:	28 30       	cpi	r18, 0x08	; 8
     86a:	50 f0       	brcs	.+20     	; 0x880 <Endpoint_Write_Control_PStream_LE+0x84>
     86c:	31 e0       	ldi	r19, 0x01	; 1
     86e:	28 30       	cpi	r18, 0x08	; 8
     870:	09 f0       	breq	.+2      	; 0x874 <Endpoint_Write_Control_PStream_LE+0x78>
     872:	30 e0       	ldi	r19, 0x00	; 0
     874:	20 91 e8 00 	lds	r18, 0x00E8	; 0x8000e8 <__TEXT_REGION_LENGTH__+0x7fe0e8>
     878:	2e 77       	andi	r18, 0x7E	; 126
     87a:	20 93 e8 00 	sts	0x00E8, r18	; 0x8000e8 <__TEXT_REGION_LENGTH__+0x7fe0e8>
     87e:	ce cf       	rjmp	.-100    	; 0x81c <Endpoint_Write_Control_PStream_LE+0x20>
     880:	84 91       	lpm	r24, Z
     882:	80 93 f1 00 	sts	0x00F1, r24	; 0x8000f1 <__TEXT_REGION_LENGTH__+0x7fe0f1>
     886:	61 50       	subi	r22, 0x01	; 1
     888:	71 09       	sbc	r23, r1
     88a:	2f 5f       	subi	r18, 0xFF	; 255
     88c:	31 96       	adiw	r30, 0x01	; 1
     88e:	e8 cf       	rjmp	.-48     	; 0x860 <Endpoint_Write_Control_PStream_LE+0x64>
     890:	8e b3       	in	r24, 0x1e	; 30
     892:	88 23       	and	r24, r24
     894:	39 f0       	breq	.+14     	; 0x8a4 <Endpoint_Write_Control_PStream_LE+0xa8>
     896:	8e b3       	in	r24, 0x1e	; 30
     898:	85 30       	cpi	r24, 0x05	; 5
     89a:	29 f6       	brne	.-118    	; 0x826 <Endpoint_Write_Control_PStream_LE+0x2a>
     89c:	83 e0       	ldi	r24, 0x03	; 3
     89e:	08 95       	ret
     8a0:	81 e0       	ldi	r24, 0x01	; 1
     8a2:	08 95       	ret
     8a4:	82 e0       	ldi	r24, 0x02	; 2
     8a6:	08 95       	ret

000008a8 <Endpoint_Read_Control_Stream_LE>:
uint8_t TEMPLATE_FUNC_NAME (void* Buffer,
                            uint16_t Length)
{
	uint8_t* DataStream = ((uint8_t*)Buffer + TEMPLATE_BUFFER_OFFSET(Length));
	
	if (!(Length))
     8a8:	61 15       	cp	r22, r1
     8aa:	71 05       	cpc	r23, r1
     8ac:	29 f4       	brne	.+10     	; 0x8b8 <Endpoint_Read_Control_Stream_LE+0x10>
			 */
			static inline void Endpoint_ClearOUT(void) ATTR_ALWAYS_INLINE;
			static inline void Endpoint_ClearOUT(void)
			{
				#if !defined(CONTROL_ONLY_DEVICE)
					UEINTX &= ~((1 << RXOUTI) | (1 << FIFOCON));
     8ae:	20 91 e8 00 	lds	r18, 0x00E8	; 0x8000e8 <__TEXT_REGION_LENGTH__+0x7fe0e8>
     8b2:	2b 77       	andi	r18, 0x7B	; 123
     8b4:	20 93 e8 00 	sts	0x00E8, r18	; 0x8000e8 <__TEXT_REGION_LENGTH__+0x7fe0e8>
	  Endpoint_ClearOUT();
	
	while (Length)
     8b8:	61 15       	cp	r22, r1
     8ba:	71 05       	cpc	r23, r1
     8bc:	31 f4       	brne	.+12     	; 0x8ca <Endpoint_Read_Control_Stream_LE+0x22>
			 *  \return Boolean true if the current endpoint is ready for an IN packet, false otherwise.
			 */
			static inline bool Endpoint_IsINReady(void) ATTR_WARN_UNUSED_RESULT ATTR_ALWAYS_INLINE;
			static inline bool Endpoint_IsINReady(void)
			{
				return ((UEINTX & (1 << TXINI))  ? true : false);
     8be:	80 91 e8 00 	lds	r24, 0x00E8	; 0x8000e8 <__TEXT_REGION_LENGTH__+0x7fe0e8>
			
			Endpoint_ClearOUT();
		}		  
	}
	
	while (!(Endpoint_IsINReady()))
     8c2:	80 ff       	sbrs	r24, 0
     8c4:	20 c0       	rjmp	.+64     	; 0x906 <Endpoint_Read_Control_Stream_LE+0x5e>
		  return ENDPOINT_RWCSTREAM_DeviceDisconnected;
		else if (USB_DeviceState == DEVICE_STATE_Suspended)
		  return ENDPOINT_RWCSTREAM_BusSuspended;
	}
	
	return ENDPOINT_RWCSTREAM_NoError;
     8c6:	80 e0       	ldi	r24, 0x00	; 0
     8c8:	08 95       	ret
			 *  \return Boolean true if the selected endpoint has received a SETUP packet, false otherwise.
			 */
			static inline bool Endpoint_IsSETUPReceived(void) ATTR_WARN_UNUSED_RESULT ATTR_ALWAYS_INLINE;
			static inline bool Endpoint_IsSETUPReceived(void)
			{
				return ((UEINTX & (1 << RXSTPI)) ? true : false);
     8ca:	20 91 e8 00 	lds	r18, 0x00E8	; 0x8000e8 <__TEXT_REGION_LENGTH__+0x7fe0e8>
	if (!(Length))
	  Endpoint_ClearOUT();
	
	while (Length)
	{
		if (Endpoint_IsSETUPReceived())
     8ce:	23 fd       	sbrc	r18, 3
     8d0:	22 c0       	rjmp	.+68     	; 0x916 <Endpoint_Read_Control_Stream_LE+0x6e>
		  return ENDPOINT_RWCSTREAM_HostAborted;

		if (USB_DeviceState == DEVICE_STATE_Unattached)
     8d2:	2e b3       	in	r18, 0x1e	; 30
     8d4:	22 23       	and	r18, r18
     8d6:	09 f1       	breq	.+66     	; 0x91a <Endpoint_Read_Control_Stream_LE+0x72>
		  return ENDPOINT_RWCSTREAM_DeviceDisconnected;
		else if (USB_DeviceState == DEVICE_STATE_Suspended)
     8d8:	2e b3       	in	r18, 0x1e	; 30
     8da:	25 30       	cpi	r18, 0x05	; 5
     8dc:	d1 f0       	breq	.+52     	; 0x912 <Endpoint_Read_Control_Stream_LE+0x6a>
			 *  \return Boolean true if current endpoint is has received an OUT packet, false otherwise.
			 */
			static inline bool Endpoint_IsOUTReceived(void) ATTR_WARN_UNUSED_RESULT ATTR_ALWAYS_INLINE;
			static inline bool Endpoint_IsOUTReceived(void)
			{
				return ((UEINTX & (1 << RXOUTI)) ? true : false);
     8de:	20 91 e8 00 	lds	r18, 0x00E8	; 0x8000e8 <__TEXT_REGION_LENGTH__+0x7fe0e8>
		  return ENDPOINT_RWCSTREAM_BusSuspended;
		  
		if (Endpoint_IsOUTReceived())
     8e2:	22 ff       	sbrs	r18, 2
     8e4:	e9 cf       	rjmp	.-46     	; 0x8b8 <Endpoint_Read_Control_Stream_LE+0x10>
				#if defined(USB_SERIES_6_AVR) || defined(USB_SERIES_7_AVR)
					return UEBCX;
				#elif defined(USB_SERIES_4_AVR)
					return (((uint16_t)UEBCHX << 8) | UEBCLX);
				#elif defined(USB_SERIES_2_AVR)
					return UEBCLX;
     8e6:	20 91 f2 00 	lds	r18, 0x00F2	; 0x8000f2 <__TEXT_REGION_LENGTH__+0x7fe0f2>
		{
			while (Length && Endpoint_BytesInEndpoint())
     8ea:	22 23       	and	r18, r18
     8ec:	01 f3       	breq	.-64     	; 0x8ae <Endpoint_Read_Control_Stream_LE+0x6>
			{
				TEMPLATE_TRANSFER_BYTE(DataStream);
     8ee:	9c 01       	movw	r18, r24
     8f0:	2f 5f       	subi	r18, 0xFF	; 255
     8f2:	3f 4f       	sbci	r19, 0xFF	; 255
			 *  \return Next byte in the currently selected endpoint's FIFO buffer.
			 */
			static inline uint8_t Endpoint_Read_Byte(void) ATTR_WARN_UNUSED_RESULT ATTR_ALWAYS_INLINE;
			static inline uint8_t Endpoint_Read_Byte(void)
			{
				return UEDATX;
     8f4:	40 91 f1 00 	lds	r20, 0x00F1	; 0x8000f1 <__TEXT_REGION_LENGTH__+0x7fe0f1>
     8f8:	fc 01       	movw	r30, r24
     8fa:	40 83       	st	Z, r20
				Length--;
     8fc:	61 50       	subi	r22, 0x01	; 1
     8fe:	71 09       	sbc	r23, r1
		  
		if (Endpoint_IsOUTReceived())
		{
			while (Length && Endpoint_BytesInEndpoint())
			{
				TEMPLATE_TRANSFER_BYTE(DataStream);
     900:	c9 01       	movw	r24, r18
		else if (USB_DeviceState == DEVICE_STATE_Suspended)
		  return ENDPOINT_RWCSTREAM_BusSuspended;
		  
		if (Endpoint_IsOUTReceived())
		{
			while (Length && Endpoint_BytesInEndpoint())
     902:	89 f7       	brne	.-30     	; 0x8e6 <Endpoint_Read_Control_Stream_LE+0x3e>
     904:	d4 cf       	rjmp	.-88     	; 0x8ae <Endpoint_Read_Control_Stream_LE+0x6>
		}		  
	}
	
	while (!(Endpoint_IsINReady()))
	{
		if (USB_DeviceState == DEVICE_STATE_Unattached)
     906:	8e b3       	in	r24, 0x1e	; 30
     908:	88 23       	and	r24, r24
     90a:	39 f0       	breq	.+14     	; 0x91a <Endpoint_Read_Control_Stream_LE+0x72>
		  return ENDPOINT_RWCSTREAM_DeviceDisconnected;
		else if (USB_DeviceState == DEVICE_STATE_Suspended)
     90c:	8e b3       	in	r24, 0x1e	; 30
     90e:	85 30       	cpi	r24, 0x05	; 5
     910:	b1 f6       	brne	.-84     	; 0x8be <Endpoint_Read_Control_Stream_LE+0x16>
		  return ENDPOINT_RWCSTREAM_HostAborted;

		if (USB_DeviceState == DEVICE_STATE_Unattached)
		  return ENDPOINT_RWCSTREAM_DeviceDisconnected;
		else if (USB_DeviceState == DEVICE_STATE_Suspended)
		  return ENDPOINT_RWCSTREAM_BusSuspended;
     912:	83 e0       	ldi	r24, 0x03	; 3
		else if (USB_DeviceState == DEVICE_STATE_Suspended)
		  return ENDPOINT_RWCSTREAM_BusSuspended;
	}
	
	return ENDPOINT_RWCSTREAM_NoError;
}
     914:	08 95       	ret
	  Endpoint_ClearOUT();
	
	while (Length)
	{
		if (Endpoint_IsSETUPReceived())
		  return ENDPOINT_RWCSTREAM_HostAborted;
     916:	81 e0       	ldi	r24, 0x01	; 1
     918:	08 95       	ret

		if (USB_DeviceState == DEVICE_STATE_Unattached)
		  return ENDPOINT_RWCSTREAM_DeviceDisconnected;
     91a:	82 e0       	ldi	r24, 0x02	; 2
     91c:	08 95       	ret

0000091e <USB_ResetInterface>:
	#endif
}

void USB_ResetInterface(void)
{
	USB_INT_DisableAllInterrupts();
     91e:	3e d0       	rcall	.+124    	; 0x99c <USB_INT_DisableAllInterrupts>
	USB_INT_ClearAllInterrupts();
     920:	40 d0       	rcall	.+128    	; 0x9a2 <USB_INT_ClearAllInterrupts>
     922:	1e ba       	out	0x1e, r1	; 30
	#if defined(USB_CAN_BE_HOST)
	USB_HostState   = HOST_STATE_Unattached;
	#endif
	
	#if defined(USB_CAN_BE_DEVICE)
	USB_DeviceState = DEVICE_STATE_Unattached;
     924:	10 92 10 02 	sts	0x0210, r1	; 0x800210 <USB_ConfigurationNumber>
	USB_ConfigurationNumber  = 0;
     928:	84 e0       	ldi	r24, 0x04	; 4
	#if !defined(__DOXYGEN__)
		/* Inline Functions: */
			static inline void USB_PLL_On(void) ATTR_ALWAYS_INLINE;
			static inline void USB_PLL_On(void)
			{
				PLLCSR  = USB_PLL_PSC;
     92a:	89 bd       	out	0x29, r24	; 41
     92c:	89 b5       	in	r24, 0x29	; 41
				PLLCSR |= (1 << PLLE);
     92e:	82 60       	ori	r24, 0x02	; 2
     930:	89 bd       	out	0x29, r24	; 41
     932:	09 b4       	in	r0, 0x29	; 41
		#if defined(USB_SERIES_4_AVR)
		PLLFRQ = ((1 << PLLUSB) | (1 << PDIV3) | (1 << PDIV1));
		#endif

		USB_PLL_On();
		while (!(USB_PLL_IsReady()));
     934:	00 fe       	sbrs	r0, 0
     936:	fd cf       	rjmp	.-6      	; 0x932 <USB_ResetInterface+0x14>
     938:	80 91 d8 00 	lds	r24, 0x00D8	; 0x8000d8 <__TEXT_REGION_LENGTH__+0x7fe0d8>
			}

			static inline void USB_Controller_Reset(void) ATTR_ALWAYS_INLINE;
			static inline void USB_Controller_Reset(void)
			{
				const uint8_t Temp = USBCON;
     93c:	98 2f       	mov	r25, r24
				
				USBCON = (Temp & ~(1 << USBE));
     93e:	9f 77       	andi	r25, 0x7F	; 127
     940:	90 93 d8 00 	sts	0x00D8, r25	; 0x8000d8 <__TEXT_REGION_LENGTH__+0x7fe0d8>
     944:	80 68       	ori	r24, 0x80	; 128
				USBCON = (Temp |  (1 << USBE));
     946:	80 93 d8 00 	sts	0x00D8, r24	; 0x8000d8 <__TEXT_REGION_LENGTH__+0x7fe0d8>
     94a:	80 91 63 00 	lds	r24, 0x0063	; 0x800063 <__TEXT_REGION_LENGTH__+0x7fe063>
			static inline void USB_REG_On(void)
			{
			#if defined(USB_SERIES_4_AVR) || defined(USB_SERIES_6_AVR) || defined(USB_SERIES_7_AVR)
				UHWCON  |=  (1 << UVREGE);
			#else
				REGCR   &= ~(1 << REGDIS);
     94e:	8e 7f       	andi	r24, 0xFE	; 254
     950:	80 93 63 00 	sts	0x0063, r24	; 0x800063 <__TEXT_REGION_LENGTH__+0x7fe063>
     954:	80 91 d8 00 	lds	r24, 0x00D8	; 0x8000d8 <__TEXT_REGION_LENGTH__+0x7fe0d8>
			}
			
			static inline void USB_CLK_Unfreeze(void) ATTR_ALWAYS_INLINE;
			static inline void USB_CLK_Unfreeze(void)
			{
				USBCON  &= ~(1 << FRZCLK);
     958:	8f 7d       	andi	r24, 0xDF	; 223
     95a:	80 93 d8 00 	sts	0x00D8, r24	; 0x8000d8 <__TEXT_REGION_LENGTH__+0x7fe0d8>
     95e:	80 91 e0 00 	lds	r24, 0x00E0	; 0x8000e0 <__TEXT_REGION_LENGTH__+0x7fe0e0>
			 *  register and despite the datasheet making no mention of its requirement in host mode.
			 */
			static inline void USB_Attach(void) ATTR_ALWAYS_INLINE;
			static inline void USB_Attach(void)
			{
				UDCON  &= ~(1 << DETACH);
     962:	8e 7f       	andi	r24, 0xFE	; 254
     964:	80 93 e0 00 	sts	0x00E0, r24	; 0x8000e0 <__TEXT_REGION_LENGTH__+0x7fe0e0>
     968:	80 91 e1 00 	lds	r24, 0x00E1	; 0x8000e1 <__TEXT_REGION_LENGTH__+0x7fe0e1>
	#endif

	USB_Attach();
	
	#if defined(USB_DEVICE_ONLY)
	USB_INT_Clear(USB_INT_SUSPEND);
     96c:	8e 7f       	andi	r24, 0xFE	; 254
     96e:	80 93 e1 00 	sts	0x00E1, r24	; 0x8000e1 <__TEXT_REGION_LENGTH__+0x7fe0e1>
     972:	80 91 e2 00 	lds	r24, 0x00E2	; 0x8000e2 <__TEXT_REGION_LENGTH__+0x7fe0e2>
	USB_INT_Enable(USB_INT_SUSPEND);
     976:	81 60       	ori	r24, 0x01	; 1
     978:	80 93 e2 00 	sts	0x00E2, r24	; 0x8000e2 <__TEXT_REGION_LENGTH__+0x7fe0e2>
     97c:	80 91 e1 00 	lds	r24, 0x00E1	; 0x8000e1 <__TEXT_REGION_LENGTH__+0x7fe0e1>
	USB_INT_Clear(USB_INT_EORSTI);
     980:	87 7f       	andi	r24, 0xF7	; 247
     982:	80 93 e1 00 	sts	0x00E1, r24	; 0x8000e1 <__TEXT_REGION_LENGTH__+0x7fe0e1>
     986:	80 91 e2 00 	lds	r24, 0x00E2	; 0x8000e2 <__TEXT_REGION_LENGTH__+0x7fe0e2>
	USB_INT_Enable(USB_INT_EORSTI);
     98a:	88 60       	ori	r24, 0x08	; 8
     98c:	80 93 e2 00 	sts	0x00E2, r24	; 0x8000e2 <__TEXT_REGION_LENGTH__+0x7fe0e2>
     990:	08 95       	ret

00000992 <USB_Init>:
		
		USB_INT_Enable(USB_INT_SRPI);
		USB_INT_Enable(USB_INT_BCERRI);
	}
	#endif
}
     992:	c5 df       	rcall	.-118    	; 0x91e <USB_ResetInterface>

	#if defined(USB_SERIES_4_AVR) || defined(USB_SERIES_6_AVR) || defined(USB_SERIES_7_AVR)
	USB_OTGPAD_On();
	#endif

	USB_IsInitialized = true;
     994:	81 e0       	ldi	r24, 0x01	; 1
     996:	80 93 11 02 	sts	0x0211, r24	; 0x800211 <USB_IsInitialized>
}
     99a:	08 95       	ret

0000099c <USB_INT_DisableAllInterrupts>:
	UHIEN   = 0;
	OTGIEN  = 0;
	#endif
	
	#if defined(USB_CAN_BE_DEVICE)
	UDIEN   = 0;
     99c:	10 92 e2 00 	sts	0x00E2, r1	; 0x8000e2 <__TEXT_REGION_LENGTH__+0x7fe0e2>
	#endif
}
     9a0:	08 95       	ret

000009a2 <USB_INT_ClearAllInterrupts>:
	UHINT   = 0;
	OTGINT  = 0;
	#endif
	
	#if defined(USB_CAN_BE_DEVICE)
	UDINT   = 0;
     9a2:	10 92 e1 00 	sts	0x00E1, r1	; 0x8000e1 <__TEXT_REGION_LENGTH__+0x7fe0e1>
	#endif
}
     9a6:	08 95       	ret

000009a8 <__vector_11>:

ISR(USB_GEN_vect, ISR_BLOCK)
{
     9a8:	1f 92       	push	r1
     9aa:	0f 92       	push	r0
     9ac:	0f b6       	in	r0, 0x3f	; 63
     9ae:	0f 92       	push	r0
     9b0:	11 24       	eor	r1, r1
     9b2:	2f 93       	push	r18
     9b4:	3f 93       	push	r19
     9b6:	4f 93       	push	r20
     9b8:	5f 93       	push	r21
     9ba:	6f 93       	push	r22
     9bc:	7f 93       	push	r23
     9be:	8f 93       	push	r24
     9c0:	9f 93       	push	r25
     9c2:	af 93       	push	r26
     9c4:	bf 93       	push	r27
     9c6:	ef 93       	push	r30
     9c8:	ff 93       	push	r31
			EVENT_USB_Device_Disconnect();
		}
	}
	#endif

	if (USB_INT_HasOccurred(USB_INT_SUSPEND) && USB_INT_IsEnabled(USB_INT_SUSPEND))
     9ca:	80 91 e1 00 	lds	r24, 0x00E1	; 0x8000e1 <__TEXT_REGION_LENGTH__+0x7fe0e1>
     9ce:	80 ff       	sbrs	r24, 0
     9d0:	1b c0       	rjmp	.+54     	; 0xa08 <__vector_11+0x60>
     9d2:	80 91 e2 00 	lds	r24, 0x00E2	; 0x8000e2 <__TEXT_REGION_LENGTH__+0x7fe0e2>
     9d6:	80 ff       	sbrs	r24, 0
     9d8:	17 c0       	rjmp	.+46     	; 0xa08 <__vector_11+0x60>
	{
		USB_INT_Clear(USB_INT_SUSPEND);
     9da:	80 91 e1 00 	lds	r24, 0x00E1	; 0x8000e1 <__TEXT_REGION_LENGTH__+0x7fe0e1>
     9de:	8e 7f       	andi	r24, 0xFE	; 254
     9e0:	80 93 e1 00 	sts	0x00E1, r24	; 0x8000e1 <__TEXT_REGION_LENGTH__+0x7fe0e1>

		USB_INT_Disable(USB_INT_SUSPEND);
     9e4:	80 91 e2 00 	lds	r24, 0x00E2	; 0x8000e2 <__TEXT_REGION_LENGTH__+0x7fe0e2>
     9e8:	8e 7f       	andi	r24, 0xFE	; 254
     9ea:	80 93 e2 00 	sts	0x00E2, r24	; 0x8000e2 <__TEXT_REGION_LENGTH__+0x7fe0e2>
		USB_INT_Enable(USB_INT_WAKEUP);
     9ee:	80 91 e2 00 	lds	r24, 0x00E2	; 0x8000e2 <__TEXT_REGION_LENGTH__+0x7fe0e2>
     9f2:	80 61       	ori	r24, 0x10	; 16
     9f4:	80 93 e2 00 	sts	0x00E2, r24	; 0x8000e2 <__TEXT_REGION_LENGTH__+0x7fe0e2>
			#endif

			static inline void USB_CLK_Freeze(void) ATTR_ALWAYS_INLINE;
			static inline void USB_CLK_Freeze(void)
			{
				USBCON  |=  (1 << FRZCLK);
     9f8:	80 91 d8 00 	lds	r24, 0x00D8	; 0x8000d8 <__TEXT_REGION_LENGTH__+0x7fe0d8>
     9fc:	80 62       	ori	r24, 0x20	; 32
     9fe:	80 93 d8 00 	sts	0x00D8, r24	; 0x8000d8 <__TEXT_REGION_LENGTH__+0x7fe0d8>
			}
			
			static inline void USB_PLL_Off(void) ATTR_ALWAYS_INLINE;
			static inline void USB_PLL_Off(void)
			{
				PLLCSR  = 0;
     a02:	19 bc       	out	0x29, r1	; 41
		
		if (!(USB_Options & USB_OPT_MANUAL_PLL))
		  USB_PLL_Off();

		#if defined(USB_SERIES_2_AVR) && !defined(NO_LIMITED_CONTROLLER_CONNECT)
		USB_DeviceState = DEVICE_STATE_Unattached;
     a04:	1e ba       	out	0x1e, r1	; 30
		EVENT_USB_Device_Disconnect();
     a06:	76 dd       	rcall	.-1300   	; 0x4f4 <EVENT_USB_Device_Disconnect>
		USB_DeviceState = DEVICE_STATE_Suspended;
		EVENT_USB_Device_Suspend();
		#endif
	}

	if (USB_INT_HasOccurred(USB_INT_WAKEUP) && USB_INT_IsEnabled(USB_INT_WAKEUP))
     a08:	80 91 e1 00 	lds	r24, 0x00E1	; 0x8000e1 <__TEXT_REGION_LENGTH__+0x7fe0e1>
     a0c:	84 ff       	sbrs	r24, 4
     a0e:	27 c0       	rjmp	.+78     	; 0xa5e <__vector_11+0xb6>
     a10:	80 91 e2 00 	lds	r24, 0x00E2	; 0x8000e2 <__TEXT_REGION_LENGTH__+0x7fe0e2>
     a14:	84 ff       	sbrs	r24, 4
     a16:	23 c0       	rjmp	.+70     	; 0xa5e <__vector_11+0xb6>
	#if !defined(__DOXYGEN__)
		/* Inline Functions: */
			static inline void USB_PLL_On(void) ATTR_ALWAYS_INLINE;
			static inline void USB_PLL_On(void)
			{
				PLLCSR  = USB_PLL_PSC;
     a18:	84 e0       	ldi	r24, 0x04	; 4
     a1a:	89 bd       	out	0x29, r24	; 41
				PLLCSR |= (1 << PLLE);
     a1c:	89 b5       	in	r24, 0x29	; 41
     a1e:	82 60       	ori	r24, 0x02	; 2
     a20:	89 bd       	out	0x29, r24	; 41
	{
		if (!(USB_Options & USB_OPT_MANUAL_PLL))
		{
			USB_PLL_On();
			while (!(USB_PLL_IsReady()));
     a22:	09 b4       	in	r0, 0x29	; 41
     a24:	00 fe       	sbrs	r0, 0
     a26:	fd cf       	rjmp	.-6      	; 0xa22 <__vector_11+0x7a>
			}
			
			static inline void USB_CLK_Unfreeze(void) ATTR_ALWAYS_INLINE;
			static inline void USB_CLK_Unfreeze(void)
			{
				USBCON  &= ~(1 << FRZCLK);
     a28:	80 91 d8 00 	lds	r24, 0x00D8	; 0x8000d8 <__TEXT_REGION_LENGTH__+0x7fe0d8>
     a2c:	8f 7d       	andi	r24, 0xDF	; 223
     a2e:	80 93 d8 00 	sts	0x00D8, r24	; 0x8000d8 <__TEXT_REGION_LENGTH__+0x7fe0d8>
		}

		USB_CLK_Unfreeze();

		USB_INT_Clear(USB_INT_WAKEUP);
     a32:	80 91 e1 00 	lds	r24, 0x00E1	; 0x8000e1 <__TEXT_REGION_LENGTH__+0x7fe0e1>
     a36:	8f 7e       	andi	r24, 0xEF	; 239
     a38:	80 93 e1 00 	sts	0x00E1, r24	; 0x8000e1 <__TEXT_REGION_LENGTH__+0x7fe0e1>

		USB_INT_Disable(USB_INT_WAKEUP);
     a3c:	80 91 e2 00 	lds	r24, 0x00E2	; 0x8000e2 <__TEXT_REGION_LENGTH__+0x7fe0e2>
     a40:	8f 7e       	andi	r24, 0xEF	; 239
     a42:	80 93 e2 00 	sts	0x00E2, r24	; 0x8000e2 <__TEXT_REGION_LENGTH__+0x7fe0e2>
		USB_INT_Enable(USB_INT_SUSPEND);
     a46:	80 91 e2 00 	lds	r24, 0x00E2	; 0x8000e2 <__TEXT_REGION_LENGTH__+0x7fe0e2>
     a4a:	81 60       	ori	r24, 0x01	; 1
     a4c:	80 93 e2 00 	sts	0x00E2, r24	; 0x8000e2 <__TEXT_REGION_LENGTH__+0x7fe0e2>
		
		#if defined(USB_SERIES_2_AVR) && !defined(NO_LIMITED_CONTROLLER_CONNECT)
		USB_DeviceState = (USB_ConfigurationNumber) ? DEVICE_STATE_Configured : DEVICE_STATE_Powered;
     a50:	80 91 10 02 	lds	r24, 0x0210	; 0x800210 <USB_ConfigurationNumber>
     a54:	81 11       	cpse	r24, r1
     a56:	48 c0       	rjmp	.+144    	; 0xae8 <__vector_11+0x140>
     a58:	81 e0       	ldi	r24, 0x01	; 1
		EVENT_USB_Device_Connect();
     a5a:	8e bb       	out	0x1e, r24	; 30
     a5c:	4a dd       	rcall	.-1388   	; 0x4f2 <EVENT_USB_Device_Connect>
		USB_DeviceState = (USB_ConfigurationNumber) ? DEVICE_STATE_Configured : DEVICE_STATE_Addressed;
		EVENT_USB_Device_WakeUp();		
		#endif
	}
   
	if (USB_INT_HasOccurred(USB_INT_EORSTI) && USB_INT_IsEnabled(USB_INT_EORSTI))
     a5e:	80 91 e1 00 	lds	r24, 0x00E1	; 0x8000e1 <__TEXT_REGION_LENGTH__+0x7fe0e1>
     a62:	83 ff       	sbrs	r24, 3
     a64:	22 c0       	rjmp	.+68     	; 0xaaa <__vector_11+0x102>
     a66:	80 91 e2 00 	lds	r24, 0x00E2	; 0x8000e2 <__TEXT_REGION_LENGTH__+0x7fe0e2>
     a6a:	83 ff       	sbrs	r24, 3
     a6c:	1e c0       	rjmp	.+60     	; 0xaaa <__vector_11+0x102>
	{
		USB_INT_Clear(USB_INT_EORSTI);
     a6e:	80 91 e1 00 	lds	r24, 0x00E1	; 0x8000e1 <__TEXT_REGION_LENGTH__+0x7fe0e1>
     a72:	87 7f       	andi	r24, 0xF7	; 247
     a74:	80 93 e1 00 	sts	0x00E1, r24	; 0x8000e1 <__TEXT_REGION_LENGTH__+0x7fe0e1>

		USB_DeviceState         = DEVICE_STATE_Default;
     a78:	82 e0       	ldi	r24, 0x02	; 2
     a7a:	8e bb       	out	0x1e, r24	; 30
		USB_ConfigurationNumber = 0;
     a7c:	10 92 10 02 	sts	0x0210, r1	; 0x800210 <USB_ConfigurationNumber>

		USB_INT_Clear(USB_INT_SUSPEND);
     a80:	80 91 e1 00 	lds	r24, 0x00E1	; 0x8000e1 <__TEXT_REGION_LENGTH__+0x7fe0e1>
     a84:	8e 7f       	andi	r24, 0xFE	; 254
     a86:	80 93 e1 00 	sts	0x00E1, r24	; 0x8000e1 <__TEXT_REGION_LENGTH__+0x7fe0e1>
		USB_INT_Disable(USB_INT_SUSPEND);
     a8a:	80 91 e2 00 	lds	r24, 0x00E2	; 0x8000e2 <__TEXT_REGION_LENGTH__+0x7fe0e2>
     a8e:	8e 7f       	andi	r24, 0xFE	; 254
     a90:	80 93 e2 00 	sts	0x00E2, r24	; 0x8000e2 <__TEXT_REGION_LENGTH__+0x7fe0e2>
		USB_INT_Enable(USB_INT_WAKEUP);
     a94:	80 91 e2 00 	lds	r24, 0x00E2	; 0x8000e2 <__TEXT_REGION_LENGTH__+0x7fe0e2>
     a98:	80 61       	ori	r24, 0x10	; 16
     a9a:	80 93 e2 00 	sts	0x00E2, r24	; 0x8000e2 <__TEXT_REGION_LENGTH__+0x7fe0e2>

		Endpoint_ClearEndpoints();
     a9e:	c2 dd       	rcall	.-1148   	; 0x624 <Endpoint_ClearEndpoints>
			                                                    const uint8_t Type,
			                                                    const uint8_t Direction,
			                                                    const uint16_t Size,
			                                                    const uint8_t Banks)
			{
				return Endpoint_ConfigureEndpoint_Prv(Number, (((Type) << EPTYPE0) | (Direction)),
     aa0:	42 e0       	ldi	r20, 0x02	; 2
     aa2:	60 e0       	ldi	r22, 0x00	; 0
     aa4:	80 e0       	ldi	r24, 0x00	; 0

		#if defined(INTERRUPT_CONTROL_ENDPOINT)
		USB_INT_Enable(USB_INT_RXSTPI);
		#endif

		EVENT_USB_Device_Reset();
     aa6:	ab dd       	rcall	.-1194   	; 0x5fe <Endpoint_ConfigureEndpoint_Prv>
     aa8:	13 d1       	rcall	.+550    	; 0xcd0 <USB_Event_Stub>
	}
	
	if (USB_INT_HasOccurred(USB_INT_SOFI) && USB_INT_IsEnabled(USB_INT_SOFI))
     aaa:	80 91 e1 00 	lds	r24, 0x00E1	; 0x8000e1 <__TEXT_REGION_LENGTH__+0x7fe0e1>
     aae:	82 ff       	sbrs	r24, 2
     ab0:	0a c0       	rjmp	.+20     	; 0xac6 <__vector_11+0x11e>
     ab2:	80 91 e2 00 	lds	r24, 0x00E2	; 0x8000e2 <__TEXT_REGION_LENGTH__+0x7fe0e2>
     ab6:	82 ff       	sbrs	r24, 2
     ab8:	06 c0       	rjmp	.+12     	; 0xac6 <__vector_11+0x11e>
	{
		USB_INT_Clear(USB_INT_SOFI);
     aba:	80 91 e1 00 	lds	r24, 0x00E1	; 0x8000e1 <__TEXT_REGION_LENGTH__+0x7fe0e1>
     abe:	8b 7f       	andi	r24, 0xFB	; 251
     ac0:	80 93 e1 00 	sts	0x00E1, r24	; 0x8000e1 <__TEXT_REGION_LENGTH__+0x7fe0e1>
		
		EVENT_USB_Device_StartOfFrame();
     ac4:	ff dc       	rcall	.-1538   	; 0x4c4 <EVENT_USB_Device_StartOfFrame>
		EVENT_USB_UIDChange();

		USB_ResetInterface();
	}
	#endif
}
     ac6:	ff 91       	pop	r31
     ac8:	ef 91       	pop	r30
     aca:	bf 91       	pop	r27
     acc:	af 91       	pop	r26
     ace:	9f 91       	pop	r25
     ad0:	8f 91       	pop	r24
     ad2:	7f 91       	pop	r23
     ad4:	6f 91       	pop	r22
     ad6:	5f 91       	pop	r21
     ad8:	4f 91       	pop	r20
     ada:	3f 91       	pop	r19
     adc:	2f 91       	pop	r18
     ade:	0f 90       	pop	r0
     ae0:	0f be       	out	0x3f, r0	; 63
     ae2:	0f 90       	pop	r0
     ae4:	1f 90       	pop	r1
     ae6:	18 95       	reti

		USB_INT_Disable(USB_INT_WAKEUP);
		USB_INT_Enable(USB_INT_SUSPEND);
		
		#if defined(USB_SERIES_2_AVR) && !defined(NO_LIMITED_CONTROLLER_CONNECT)
		USB_DeviceState = (USB_ConfigurationNumber) ? DEVICE_STATE_Configured : DEVICE_STATE_Powered;
     ae8:	84 e0       	ldi	r24, 0x04	; 4
     aea:	b7 cf       	rjmp	.-146    	; 0xa5a <__vector_11+0xb2>

00000aec <USB_Device_ProcessControlRequest>:
#if !defined(NO_DEVICE_REMOTE_WAKEUP)
bool    USB_RemoteWakeupEnabled;
#endif

void USB_Device_ProcessControlRequest(void)
{
     aec:	1f 93       	push	r17
     aee:	cf 93       	push	r28
     af0:	df 93       	push	r29
     af2:	00 d0       	rcall	.+0      	; 0xaf4 <USB_Device_ProcessControlRequest+0x8>
     af4:	cd b7       	in	r28, 0x3d	; 61
     af6:	de b7       	in	r29, 0x3e	; 62
     af8:	e2 e1       	ldi	r30, 0x12	; 18
     afa:	f2 e0       	ldi	r31, 0x02	; 2
			 *  \return Next byte in the currently selected endpoint's FIFO buffer.
			 */
			static inline uint8_t Endpoint_Read_Byte(void) ATTR_WARN_UNUSED_RESULT ATTR_ALWAYS_INLINE;
			static inline uint8_t Endpoint_Read_Byte(void)
			{
				return UEDATX;
     afc:	80 91 f1 00 	lds	r24, 0x00F1	; 0x8000f1 <__TEXT_REGION_LENGTH__+0x7fe0f1>
	bool     RequestHandled = false;
	uint8_t* RequestHeader  = (uint8_t*)&USB_ControlRequest;
	
	for (uint8_t RequestHeaderByte = 0; RequestHeaderByte < sizeof(USB_Request_Header_t); RequestHeaderByte++)
	  *(RequestHeader++) = Endpoint_Read_Byte();
     b00:	81 93       	st	Z+, r24
void USB_Device_ProcessControlRequest(void)
{
	bool     RequestHandled = false;
	uint8_t* RequestHeader  = (uint8_t*)&USB_ControlRequest;
	
	for (uint8_t RequestHeaderByte = 0; RequestHeaderByte < sizeof(USB_Request_Header_t); RequestHeaderByte++)
     b02:	82 e0       	ldi	r24, 0x02	; 2
     b04:	ea 31       	cpi	r30, 0x1A	; 26
     b06:	f8 07       	cpc	r31, r24
     b08:	c9 f7       	brne	.-14     	; 0xafc <USB_Device_ProcessControlRequest+0x10>
	  *(RequestHeader++) = Endpoint_Read_Byte();
	  
	uint8_t bmRequestType = USB_ControlRequest.bmRequestType;
     b0a:	80 91 12 02 	lds	r24, 0x0212	; 0x800212 <USB_ControlRequest>
	
	switch (USB_ControlRequest.bRequest)
     b0e:	90 91 13 02 	lds	r25, 0x0213	; 0x800213 <USB_ControlRequest+0x1>
     b12:	9a 30       	cpi	r25, 0x0A	; 10
     b14:	08 f0       	brcs	.+2      	; 0xb18 <USB_Device_ProcessControlRequest+0x2c>
     b16:	da c0       	rjmp	.+436    	; 0xccc <USB_Device_ProcessControlRequest+0x1e0>
     b18:	e9 2f       	mov	r30, r25
     b1a:	f0 e0       	ldi	r31, 0x00	; 0
     b1c:	ef 56       	subi	r30, 0x6F	; 111
     b1e:	fa 4f       	sbci	r31, 0xFA	; 250
     b20:	c4 c2       	rjmp	.+1416   	; 0x10aa <__tablejump2__>
     b22:	9b 05       	cpc	r25, r11
     b24:	ba 05       	cpc	r27, r10
     b26:	66 06       	cpc	r6, r22
     b28:	ba 05       	cpc	r27, r10
     b2a:	66 06       	cpc	r6, r22
     b2c:	f3 05       	cpc	r31, r3
     b2e:	22 06       	cpc	r2, r18
     b30:	66 06       	cpc	r6, r22
     b32:	41 06       	cpc	r4, r17
     b34:	4d 06       	cpc	r4, r29
	{
		case REQ_GetStatus:
			if ((bmRequestType == (REQDIR_DEVICETOHOST | REQTYPE_STANDARD | REQREC_DEVICE)) ||
     b36:	80 38       	cpi	r24, 0x80	; 128
     b38:	09 f4       	brne	.+2      	; 0xb3c <USB_Device_ProcessControlRequest+0x50>
     b3a:	70 c0       	rjmp	.+224    	; 0xc1c <USB_Device_ProcessControlRequest+0x130>
     b3c:	82 38       	cpi	r24, 0x82	; 130
     b3e:	09 f0       	breq	.+2      	; 0xb42 <USB_Device_ProcessControlRequest+0x56>
     b40:	c5 c0       	rjmp	.+394    	; 0xccc <USB_Device_ProcessControlRequest+0x1e0>
	#endif
			break;
#endif
#if !defined(CONTROL_ONLY_DEVICE)
		case (REQDIR_DEVICETOHOST | REQTYPE_STANDARD | REQREC_ENDPOINT):
			Endpoint_SelectEndpoint((uint8_t)USB_ControlRequest.wIndex & ENDPOINT_EPNUM_MASK);
     b42:	80 91 16 02 	lds	r24, 0x0216	; 0x800216 <USB_ControlRequest+0x4>
     b46:	87 70       	andi	r24, 0x07	; 7
			 */
			static inline void Endpoint_SelectEndpoint(const uint8_t EndpointNumber) ATTR_ALWAYS_INLINE;
			static inline void Endpoint_SelectEndpoint(const uint8_t EndpointNumber)
			{
				#if !defined(CONTROL_ONLY_DEVICE)
					UENUM = EndpointNumber;
     b48:	80 93 e9 00 	sts	0x00E9, r24	; 0x8000e9 <__TEXT_REGION_LENGTH__+0x7fe0e9>
			 *  \return Boolean true if the currently selected endpoint is stalled, false otherwise.
			 */
			static inline bool Endpoint_IsStalled(void) ATTR_WARN_UNUSED_RESULT ATTR_ALWAYS_INLINE;
			static inline bool Endpoint_IsStalled(void)
			{
				return ((UECONX & (1 << STALLRQ)) ? true : false);
     b4c:	80 91 eb 00 	lds	r24, 0x00EB	; 0x8000eb <__TEXT_REGION_LENGTH__+0x7fe0eb>
     b50:	85 fb       	bst	r24, 5
     b52:	88 27       	eor	r24, r24
     b54:	80 f9       	bld	r24, 0
			 */
			static inline void Endpoint_SelectEndpoint(const uint8_t EndpointNumber) ATTR_ALWAYS_INLINE;
			static inline void Endpoint_SelectEndpoint(const uint8_t EndpointNumber)
			{
				#if !defined(CONTROL_ONLY_DEVICE)
					UENUM = EndpointNumber;
     b56:	10 92 e9 00 	sts	0x00E9, r1	; 0x8000e9 <__TEXT_REGION_LENGTH__+0x7fe0e9>
			 *  \note This is not applicable for non CONTROL type endpoints. 
			 */
			static inline void Endpoint_ClearSETUP(void) ATTR_ALWAYS_INLINE;
			static inline void Endpoint_ClearSETUP(void)
			{
				UEINTX &= ~(1 << RXSTPI);
     b5a:	90 91 e8 00 	lds	r25, 0x00E8	; 0x8000e8 <__TEXT_REGION_LENGTH__+0x7fe0e8>
     b5e:	97 7f       	andi	r25, 0xF7	; 247
     b60:	90 93 e8 00 	sts	0x00E8, r25	; 0x8000e8 <__TEXT_REGION_LENGTH__+0x7fe0e8>
			 *  \param[in] Word  Next word to write to the currently selected endpoint's FIFO buffer.
			 */
			static inline void Endpoint_Write_Word_LE(const uint16_t Word) ATTR_ALWAYS_INLINE;
			static inline void Endpoint_Write_Word_LE(const uint16_t Word)
			{
				UEDATX = (Word & 0xFF);
     b64:	80 93 f1 00 	sts	0x00F1, r24	; 0x8000f1 <__TEXT_REGION_LENGTH__+0x7fe0f1>
				UEDATX = (Word >> 8);
     b68:	10 92 f1 00 	sts	0x00F1, r1	; 0x8000f1 <__TEXT_REGION_LENGTH__+0x7fe0f1>
			 */
			static inline void Endpoint_ClearIN(void) ATTR_ALWAYS_INLINE;
			static inline void Endpoint_ClearIN(void)
			{
				#if !defined(CONTROL_ONLY_DEVICE)
					UEINTX &= ~((1 << TXINI) | (1 << FIFOCON));
     b6c:	80 91 e8 00 	lds	r24, 0x00E8	; 0x8000e8 <__TEXT_REGION_LENGTH__+0x7fe0e8>
     b70:	8e 77       	andi	r24, 0x7E	; 126
     b72:	22 c0       	rjmp	.+68     	; 0xbb8 <USB_Device_ProcessControlRequest+0xcc>
			}

			break;
		case REQ_ClearFeature:
		case REQ_SetFeature:
			if ((bmRequestType == (REQDIR_HOSTTODEVICE | REQTYPE_STANDARD | REQREC_DEVICE)) ||
     b74:	28 2f       	mov	r18, r24
     b76:	2d 7f       	andi	r18, 0xFD	; 253
     b78:	09 f0       	breq	.+2      	; 0xb7c <USB_Device_ProcessControlRequest+0x90>
     b7a:	a8 c0       	rjmp	.+336    	; 0xccc <USB_Device_ProcessControlRequest+0x1e0>
	Endpoint_ClearStatusStage();
}

static void USB_Device_ClearSetFeature(void)
{
	switch (USB_ControlRequest.bmRequestType & CONTROL_REQTYPE_RECIPIENT)
     b7c:	82 30       	cpi	r24, 0x02	; 2
     b7e:	09 f0       	breq	.+2      	; 0xb82 <USB_Device_ProcessControlRequest+0x96>
     b80:	4d c0       	rjmp	.+154    	; 0xc1c <USB_Device_ProcessControlRequest+0x130>
			
			break;			
#endif
#if !defined(CONTROL_ONLY_DEVICE)
		case REQREC_ENDPOINT:
			if ((uint8_t)USB_ControlRequest.wValue == FEATURE_ENDPOINT_HALT)
     b82:	80 91 14 02 	lds	r24, 0x0214	; 0x800214 <USB_ControlRequest+0x2>
     b86:	81 11       	cpse	r24, r1
     b88:	12 c0       	rjmp	.+36     	; 0xbae <USB_Device_ProcessControlRequest+0xc2>
			{
				uint8_t EndpointIndex = ((uint8_t)USB_ControlRequest.wIndex & ENDPOINT_EPNUM_MASK);
     b8a:	80 91 16 02 	lds	r24, 0x0216	; 0x800216 <USB_ControlRequest+0x4>
     b8e:	87 70       	andi	r24, 0x07	; 7
				
				if (EndpointIndex == ENDPOINT_CONTROLEP)
     b90:	09 f4       	brne	.+2      	; 0xb94 <USB_Device_ProcessControlRequest+0xa8>
     b92:	44 c0       	rjmp	.+136    	; 0xc1c <USB_Device_ProcessControlRequest+0x130>
			 */
			static inline void Endpoint_SelectEndpoint(const uint8_t EndpointNumber) ATTR_ALWAYS_INLINE;
			static inline void Endpoint_SelectEndpoint(const uint8_t EndpointNumber)
			{
				#if !defined(CONTROL_ONLY_DEVICE)
					UENUM = EndpointNumber;
     b94:	80 93 e9 00 	sts	0x00E9, r24	; 0x8000e9 <__TEXT_REGION_LENGTH__+0x7fe0e9>
			 * \return Boolean True if the currently selected endpoint is enabled, false otherwise.
			 */
			static inline bool Endpoint_IsEnabled(void) ATTR_WARN_UNUSED_RESULT ATTR_ALWAYS_INLINE;
			static inline bool Endpoint_IsEnabled(void)
			{
				return ((UECONX & (1 << EPEN)) ? true : false);
     b98:	20 91 eb 00 	lds	r18, 0x00EB	; 0x8000eb <__TEXT_REGION_LENGTH__+0x7fe0eb>
				  return;

				Endpoint_SelectEndpoint(EndpointIndex);

				if (!(Endpoint_IsEnabled()))
     b9c:	20 ff       	sbrs	r18, 0
     b9e:	3e c0       	rjmp	.+124    	; 0xc1c <USB_Device_ProcessControlRequest+0x130>
				  return;

				if (USB_ControlRequest.bRequest == REQ_SetFeature)
     ba0:	93 30       	cpi	r25, 0x03	; 3
     ba2:	71 f4       	brne	.+28     	; 0xbc0 <USB_Device_ProcessControlRequest+0xd4>
			 *  \ingroup Group_EndpointPacketManagement
			 */
			static inline void Endpoint_StallTransaction(void) ATTR_ALWAYS_INLINE;
			static inline void Endpoint_StallTransaction(void)
			{
				UECONX |= (1 << STALLRQ);
     ba4:	80 91 eb 00 	lds	r24, 0x00EB	; 0x8000eb <__TEXT_REGION_LENGTH__+0x7fe0eb>
     ba8:	80 62       	ori	r24, 0x20	; 32
			
			/** Resets the data toggle of the currently selected endpoint. */
			static inline void Endpoint_ResetDataToggle(void) ATTR_ALWAYS_INLINE;
			static inline void Endpoint_ResetDataToggle(void)
			{
				UECONX |= (1 << RSTDT);
     baa:	80 93 eb 00 	sts	0x00EB, r24	; 0x8000eb <__TEXT_REGION_LENGTH__+0x7fe0eb>
			 */
			static inline void Endpoint_SelectEndpoint(const uint8_t EndpointNumber) ATTR_ALWAYS_INLINE;
			static inline void Endpoint_SelectEndpoint(const uint8_t EndpointNumber)
			{
				#if !defined(CONTROL_ONLY_DEVICE)
					UENUM = EndpointNumber;
     bae:	10 92 e9 00 	sts	0x00E9, r1	; 0x8000e9 <__TEXT_REGION_LENGTH__+0x7fe0e9>
			 *  \note This is not applicable for non CONTROL type endpoints. 
			 */
			static inline void Endpoint_ClearSETUP(void) ATTR_ALWAYS_INLINE;
			static inline void Endpoint_ClearSETUP(void)
			{
				UEINTX &= ~(1 << RXSTPI);
     bb2:	80 91 e8 00 	lds	r24, 0x00E8	; 0x8000e8 <__TEXT_REGION_LENGTH__+0x7fe0e8>
     bb6:	87 7f       	andi	r24, 0xF7	; 247
			 */
			static inline void Endpoint_ClearIN(void) ATTR_ALWAYS_INLINE;
			static inline void Endpoint_ClearIN(void)
			{
				#if !defined(CONTROL_ONLY_DEVICE)
					UEINTX &= ~((1 << TXINI) | (1 << FIFOCON));
     bb8:	80 93 e8 00 	sts	0x00E8, r24	; 0x8000e8 <__TEXT_REGION_LENGTH__+0x7fe0e8>
	Endpoint_ClearSETUP();

	Endpoint_Write_Byte(USB_ConfigurationNumber);
	Endpoint_ClearIN();

	Endpoint_ClearStatusStage();
     bbc:	47 dd       	rcall	.-1394   	; 0x64c <Endpoint_ClearStatusStage>
     bbe:	2e c0       	rjmp	.+92     	; 0xc1c <USB_Device_ProcessControlRequest+0x130>
			 *  \ingroup Group_EndpointPacketManagement
			 */
			static inline void Endpoint_ClearStall(void) ATTR_ALWAYS_INLINE;
			static inline void Endpoint_ClearStall(void)
			{
				UECONX |= (1 << STALLRQC);
     bc0:	90 91 eb 00 	lds	r25, 0x00EB	; 0x8000eb <__TEXT_REGION_LENGTH__+0x7fe0eb>
     bc4:	90 61       	ori	r25, 0x10	; 16
     bc6:	90 93 eb 00 	sts	0x00EB, r25	; 0x8000eb <__TEXT_REGION_LENGTH__+0x7fe0eb>
			 *  \param[in] EndpointNumber Endpoint number whose FIFO buffers are to be reset.
			 */
			static inline void Endpoint_ResetFIFO(const uint8_t EndpointNumber) ATTR_ALWAYS_INLINE;
			static inline void Endpoint_ResetFIFO(const uint8_t EndpointNumber)
			{
				UERST = (1 << EndpointNumber);
     bca:	21 e0       	ldi	r18, 0x01	; 1
     bcc:	30 e0       	ldi	r19, 0x00	; 0
     bce:	01 c0       	rjmp	.+2      	; 0xbd2 <USB_Device_ProcessControlRequest+0xe6>
     bd0:	22 0f       	add	r18, r18
     bd2:	8a 95       	dec	r24
     bd4:	ea f7       	brpl	.-6      	; 0xbd0 <USB_Device_ProcessControlRequest+0xe4>
     bd6:	20 93 ea 00 	sts	0x00EA, r18	; 0x8000ea <__TEXT_REGION_LENGTH__+0x7fe0ea>
				UERST = 0;
     bda:	10 92 ea 00 	sts	0x00EA, r1	; 0x8000ea <__TEXT_REGION_LENGTH__+0x7fe0ea>
			
			/** Resets the data toggle of the currently selected endpoint. */
			static inline void Endpoint_ResetDataToggle(void) ATTR_ALWAYS_INLINE;
			static inline void Endpoint_ResetDataToggle(void)
			{
				UECONX |= (1 << RSTDT);
     bde:	80 91 eb 00 	lds	r24, 0x00EB	; 0x8000eb <__TEXT_REGION_LENGTH__+0x7fe0eb>
     be2:	88 60       	ori	r24, 0x08	; 8
     be4:	e2 cf       	rjmp	.-60     	; 0xbaa <USB_Device_ProcessControlRequest+0xbe>
				RequestHandled = true;
			}

			break;
		case REQ_SetAddress:
			if (bmRequestType == (REQDIR_HOSTTODEVICE | REQTYPE_STANDARD | REQREC_DEVICE))
     be6:	81 11       	cpse	r24, r1
     be8:	71 c0       	rjmp	.+226    	; 0xccc <USB_Device_ProcessControlRequest+0x1e0>
	}
}

static void USB_Device_SetAddress(void)
{
	uint8_t DeviceAddress = (USB_ControlRequest.wValue & 0x7F);
     bea:	10 91 14 02 	lds	r17, 0x0214	; 0x800214 <USB_ControlRequest+0x2>
			 *  \note This is not applicable for non CONTROL type endpoints. 
			 */
			static inline void Endpoint_ClearSETUP(void) ATTR_ALWAYS_INLINE;
			static inline void Endpoint_ClearSETUP(void)
			{
				UEINTX &= ~(1 << RXSTPI);
     bee:	80 91 e8 00 	lds	r24, 0x00E8	; 0x8000e8 <__TEXT_REGION_LENGTH__+0x7fe0e8>
     bf2:	87 7f       	andi	r24, 0xF7	; 247
     bf4:	80 93 e8 00 	sts	0x00E8, r24	; 0x8000e8 <__TEXT_REGION_LENGTH__+0x7fe0e8>

	Endpoint_ClearSETUP();
	
	Endpoint_ClearStatusStage();
     bf8:	29 dd       	rcall	.-1454   	; 0x64c <Endpoint_ClearStatusStage>
			 *  \return Boolean true if the current endpoint is ready for an IN packet, false otherwise.
			 */
			static inline bool Endpoint_IsINReady(void) ATTR_WARN_UNUSED_RESULT ATTR_ALWAYS_INLINE;
			static inline bool Endpoint_IsINReady(void)
			{
				return ((UEINTX & (1 << TXINI))  ? true : false);
     bfa:	80 91 e8 00 	lds	r24, 0x00E8	; 0x8000e8 <__TEXT_REGION_LENGTH__+0x7fe0e8>
	
	while (!(Endpoint_IsINReady()))
     bfe:	80 ff       	sbrs	r24, 0
     c00:	0a c0       	rjmp	.+20     	; 0xc16 <USB_Device_ProcessControlRequest+0x12a>
	}
}

static void USB_Device_SetAddress(void)
{
	uint8_t DeviceAddress = (USB_ControlRequest.wValue & 0x7F);
     c02:	81 2f       	mov	r24, r17
     c04:	8f 77       	andi	r24, 0x7F	; 127
	{
		if (USB_DeviceState == DEVICE_STATE_Unattached)
		  return;
	}

	USB_DeviceState = (DeviceAddress) ? DEVICE_STATE_Addressed : DEVICE_STATE_Default;
     c06:	92 e0       	ldi	r25, 0x02	; 2
     c08:	09 f0       	breq	.+2      	; 0xc0c <USB_Device_ProcessControlRequest+0x120>
     c0a:	93 e0       	ldi	r25, 0x03	; 3
     c0c:	9e bb       	out	0x1e, r25	; 30
			#endif
			
			static inline void USB_Device_SetDeviceAddress(const uint8_t Address) ATTR_ALWAYS_INLINE;
			static inline void USB_Device_SetDeviceAddress(const uint8_t Address)
			{
				UDADDR = ((1 << ADDEN) | (Address & 0x7F));
     c0e:	80 68       	ori	r24, 0x80	; 128
     c10:	80 93 e3 00 	sts	0x00E3, r24	; 0x8000e3 <__TEXT_REGION_LENGTH__+0x7fe0e3>
     c14:	03 c0       	rjmp	.+6      	; 0xc1c <USB_Device_ProcessControlRequest+0x130>
	
	Endpoint_ClearStatusStage();
	
	while (!(Endpoint_IsINReady()))
	{
		if (USB_DeviceState == DEVICE_STATE_Unattached)
     c16:	8e b3       	in	r24, 0x1e	; 30
     c18:	81 11       	cpse	r24, r1
     c1a:	ef cf       	rjmp	.-34     	; 0xbfa <USB_Device_ProcessControlRequest+0x10e>
			 *  \return Boolean true if the selected endpoint has received a SETUP packet, false otherwise.
			 */
			static inline bool Endpoint_IsSETUPReceived(void) ATTR_WARN_UNUSED_RESULT ATTR_ALWAYS_INLINE;
			static inline bool Endpoint_IsSETUPReceived(void)
			{
				return ((UEINTX & (1 << RXSTPI)) ? true : false);
     c1c:	80 91 e8 00 	lds	r24, 0x00E8	; 0x8000e8 <__TEXT_REGION_LENGTH__+0x7fe0e8>
	}

	if (!(RequestHandled))
	  EVENT_USB_Device_UnhandledControlRequest();
	  
	if (Endpoint_IsSETUPReceived())
     c20:	83 ff       	sbrs	r24, 3
     c22:	0a c0       	rjmp	.+20     	; 0xc38 <USB_Device_ProcessControlRequest+0x14c>
			 *  \ingroup Group_EndpointPacketManagement
			 */
			static inline void Endpoint_StallTransaction(void) ATTR_ALWAYS_INLINE;
			static inline void Endpoint_StallTransaction(void)
			{
				UECONX |= (1 << STALLRQ);
     c24:	80 91 eb 00 	lds	r24, 0x00EB	; 0x8000eb <__TEXT_REGION_LENGTH__+0x7fe0eb>
     c28:	80 62       	ori	r24, 0x20	; 32
     c2a:	80 93 eb 00 	sts	0x00EB, r24	; 0x8000eb <__TEXT_REGION_LENGTH__+0x7fe0eb>
			 *  \note This is not applicable for non CONTROL type endpoints. 
			 */
			static inline void Endpoint_ClearSETUP(void) ATTR_ALWAYS_INLINE;
			static inline void Endpoint_ClearSETUP(void)
			{
				UEINTX &= ~(1 << RXSTPI);
     c2e:	80 91 e8 00 	lds	r24, 0x00E8	; 0x8000e8 <__TEXT_REGION_LENGTH__+0x7fe0e8>
     c32:	87 7f       	andi	r24, 0xF7	; 247
     c34:	80 93 e8 00 	sts	0x00E8, r24	; 0x8000e8 <__TEXT_REGION_LENGTH__+0x7fe0e8>
	{
		Endpoint_StallTransaction();
		Endpoint_ClearSETUP();		
	}
}
     c38:	0f 90       	pop	r0
     c3a:	0f 90       	pop	r0
     c3c:	df 91       	pop	r29
     c3e:	cf 91       	pop	r28
     c40:	1f 91       	pop	r17
     c42:	08 95       	ret
				RequestHandled = true;
			}

			break;
		case REQ_GetDescriptor:
			if ((bmRequestType == (REQDIR_DEVICETOHOST | REQTYPE_STANDARD | REQREC_DEVICE)) ||
     c44:	80 58       	subi	r24, 0x80	; 128
     c46:	82 30       	cpi	r24, 0x02	; 2
     c48:	08 f0       	brcs	.+2      	; 0xc4c <USB_Device_ProcessControlRequest+0x160>
     c4a:	40 c0       	rjmp	.+128    	; 0xccc <USB_Device_ProcessControlRequest+0x1e0>
		USB_Device_GetInternalSerialDescriptor();
		return;
	}
	#endif
	
	if ((DescriptorSize = CALLBACK_USB_GetDescriptor(USB_ControlRequest.wValue, USB_ControlRequest.wIndex,
     c4c:	ae 01       	movw	r20, r28
     c4e:	4f 5f       	subi	r20, 0xFF	; 255
     c50:	5f 4f       	sbci	r21, 0xFF	; 255
     c52:	60 91 16 02 	lds	r22, 0x0216	; 0x800216 <USB_ControlRequest+0x4>
     c56:	80 91 14 02 	lds	r24, 0x0214	; 0x800214 <USB_ControlRequest+0x2>
     c5a:	90 91 15 02 	lds	r25, 0x0215	; 0x800215 <USB_ControlRequest+0x3>
     c5e:	76 dc       	rcall	.-1812   	; 0x54c <CALLBACK_USB_GetDescriptor>
     c60:	bc 01       	movw	r22, r24
     c62:	89 2b       	or	r24, r25
     c64:	d9 f2       	breq	.-74     	; 0xc1c <USB_Device_ProcessControlRequest+0x130>
     c66:	90 91 e8 00 	lds	r25, 0x00E8	; 0x8000e8 <__TEXT_REGION_LENGTH__+0x7fe0e8>
     c6a:	97 7f       	andi	r25, 0xF7	; 247
     c6c:	90 93 e8 00 	sts	0x00E8, r25	; 0x8000e8 <__TEXT_REGION_LENGTH__+0x7fe0e8>
	#if defined(USE_RAM_DESCRIPTORS)
	Endpoint_Write_Control_Stream_LE(DescriptorPointer, DescriptorSize);
	#elif defined(USE_EEPROM_DESCRIPTORS)
	Endpoint_Write_Control_EStream_LE(DescriptorPointer, DescriptorSize);
	#elif defined(USE_FLASH_DESCRIPTORS)
	Endpoint_Write_Control_PStream_LE(DescriptorPointer, DescriptorSize);	
     c70:	89 81       	ldd	r24, Y+1	; 0x01
     c72:	9a 81       	ldd	r25, Y+2	; 0x02
     c74:	c3 dd       	rcall	.-1146   	; 0x7fc <Endpoint_Write_Control_PStream_LE>
			 */
			static inline void Endpoint_ClearOUT(void) ATTR_ALWAYS_INLINE;
			static inline void Endpoint_ClearOUT(void)
			{
				#if !defined(CONTROL_ONLY_DEVICE)
					UEINTX &= ~((1 << RXOUTI) | (1 << FIFOCON));
     c76:	80 91 e8 00 	lds	r24, 0x00E8	; 0x8000e8 <__TEXT_REGION_LENGTH__+0x7fe0e8>
     c7a:	8b 77       	andi	r24, 0x7B	; 123
     c7c:	80 93 e8 00 	sts	0x00E8, r24	; 0x8000e8 <__TEXT_REGION_LENGTH__+0x7fe0e8>
     c80:	cd cf       	rjmp	.-102    	; 0xc1c <USB_Device_ProcessControlRequest+0x130>
				RequestHandled = true;
			}
			
			break;
		case REQ_GetConfiguration:
			if (bmRequestType == (REQDIR_DEVICETOHOST | REQTYPE_STANDARD | REQREC_DEVICE))
     c82:	80 38       	cpi	r24, 0x80	; 128
     c84:	19 f5       	brne	.+70     	; 0xccc <USB_Device_ProcessControlRequest+0x1e0>
			 *  \note This is not applicable for non CONTROL type endpoints. 
			 */
			static inline void Endpoint_ClearSETUP(void) ATTR_ALWAYS_INLINE;
			static inline void Endpoint_ClearSETUP(void)
			{
				UEINTX &= ~(1 << RXSTPI);
     c86:	80 91 e8 00 	lds	r24, 0x00E8	; 0x8000e8 <__TEXT_REGION_LENGTH__+0x7fe0e8>
     c8a:	87 7f       	andi	r24, 0xF7	; 247
     c8c:	80 93 e8 00 	sts	0x00E8, r24	; 0x8000e8 <__TEXT_REGION_LENGTH__+0x7fe0e8>

void USB_Device_GetConfiguration(void)
{
	Endpoint_ClearSETUP();

	Endpoint_Write_Byte(USB_ConfigurationNumber);
     c90:	80 91 10 02 	lds	r24, 0x0210	; 0x800210 <USB_ConfigurationNumber>
			 *  \param[in] Byte  Next byte to write into the the currently selected endpoint's FIFO buffer.
			 */
			static inline void Endpoint_Write_Byte(const uint8_t Byte) ATTR_ALWAYS_INLINE;
			static inline void Endpoint_Write_Byte(const uint8_t Byte)
			{
				UEDATX = Byte;
     c94:	80 93 f1 00 	sts	0x00F1, r24	; 0x8000f1 <__TEXT_REGION_LENGTH__+0x7fe0f1>
     c98:	69 cf       	rjmp	.-302    	; 0xb6c <USB_Device_ProcessControlRequest+0x80>
				RequestHandled = true;
			}

			break;
		case REQ_SetConfiguration:
			if (bmRequestType == (REQDIR_HOSTTODEVICE | REQTYPE_STANDARD | REQREC_DEVICE))
     c9a:	81 11       	cpse	r24, r1
     c9c:	17 c0       	rjmp	.+46     	; 0xccc <USB_Device_ProcessControlRequest+0x1e0>
}

static void USB_Device_SetConfiguration(void)
{
#if defined(FIXED_NUM_CONFIGURATIONS)
	if ((uint8_t)USB_ControlRequest.wValue > FIXED_NUM_CONFIGURATIONS)
     c9e:	90 91 14 02 	lds	r25, 0x0214	; 0x800214 <USB_ControlRequest+0x2>
     ca2:	92 30       	cpi	r25, 0x02	; 2
     ca4:	08 f0       	brcs	.+2      	; 0xca8 <USB_Device_ProcessControlRequest+0x1bc>
     ca6:	ba cf       	rjmp	.-140    	; 0xc1c <USB_Device_ProcessControlRequest+0x130>
			 *  \note This is not applicable for non CONTROL type endpoints. 
			 */
			static inline void Endpoint_ClearSETUP(void) ATTR_ALWAYS_INLINE;
			static inline void Endpoint_ClearSETUP(void)
			{
				UEINTX &= ~(1 << RXSTPI);
     ca8:	80 91 e8 00 	lds	r24, 0x00E8	; 0x8000e8 <__TEXT_REGION_LENGTH__+0x7fe0e8>
     cac:	87 7f       	andi	r24, 0xF7	; 247
     cae:	80 93 e8 00 	sts	0x00E8, r24	; 0x8000e8 <__TEXT_REGION_LENGTH__+0x7fe0e8>
	}
#endif
	
	Endpoint_ClearSETUP();

	USB_ConfigurationNumber = (uint8_t)USB_ControlRequest.wValue;
     cb2:	90 93 10 02 	sts	0x0210, r25	; 0x800210 <USB_ConfigurationNumber>

	Endpoint_ClearStatusStage();
     cb6:	ca dc       	rcall	.-1644   	; 0x64c <Endpoint_ClearStatusStage>

	USB_DeviceState = (USB_ConfigurationNumber) ? DEVICE_STATE_Configured : DEVICE_STATE_Addressed;
     cb8:	80 91 10 02 	lds	r24, 0x0210	; 0x800210 <USB_ConfigurationNumber>
     cbc:	81 11       	cpse	r24, r1
     cbe:	04 c0       	rjmp	.+8      	; 0xcc8 <USB_Device_ProcessControlRequest+0x1dc>
     cc0:	83 e0       	ldi	r24, 0x03	; 3

	EVENT_USB_Device_ConfigurationChanged();
     cc2:	8e bb       	out	0x1e, r24	; 30
     cc4:	ed db       	rcall	.-2086   	; 0x4a0 <EVENT_USB_Device_ConfigurationChanged>
     cc6:	aa cf       	rjmp	.-172    	; 0xc1c <USB_Device_ProcessControlRequest+0x130>
     cc8:	84 e0       	ldi	r24, 0x04	; 4
     cca:	fb cf       	rjmp	.-10     	; 0xcc2 <USB_Device_ProcessControlRequest+0x1d6>
     ccc:	f5 db       	rcall	.-2070   	; 0x4b8 <EVENT_USB_Device_UnhandledControlRequest>
     cce:	a6 cf       	rjmp	.-180    	; 0xc1c <USB_Device_ProcessControlRequest+0x130>

00000cd0 <USB_Event_Stub>:
#include "Events.h"

void USB_Event_Stub(void)
{

}
     cd0:	08 95       	ret

00000cd2 <USB_USBTask>:
#if defined(USB_CAN_BE_DEVICE) && !defined(DEVICE_STATE_AS_GPIOR)
volatile uint8_t     USB_DeviceState;
#endif

void USB_USBTask(void)
{
     cd2:	cf 93       	push	r28
}

#if defined(USB_CAN_BE_DEVICE)
static void USB_DeviceTask(void)
{
	if (USB_DeviceState != DEVICE_STATE_Unattached)
     cd4:	8e b3       	in	r24, 0x1e	; 30
     cd6:	88 23       	and	r24, r24
     cd8:	59 f0       	breq	.+22     	; 0xcf0 <USB_USBTask+0x1e>
			 */
			static inline uint8_t Endpoint_GetCurrentEndpoint(void) ATTR_WARN_UNUSED_RESULT ATTR_ALWAYS_INLINE;
			static inline uint8_t Endpoint_GetCurrentEndpoint(void)
			{
				#if !defined(CONTROL_ONLY_DEVICE)
					return (UENUM & ENDPOINT_EPNUM_MASK);
     cda:	c0 91 e9 00 	lds	r28, 0x00E9	; 0x8000e9 <__TEXT_REGION_LENGTH__+0x7fe0e9>
     cde:	c7 70       	andi	r28, 0x07	; 7
			 */
			static inline void Endpoint_SelectEndpoint(const uint8_t EndpointNumber) ATTR_ALWAYS_INLINE;
			static inline void Endpoint_SelectEndpoint(const uint8_t EndpointNumber)
			{
				#if !defined(CONTROL_ONLY_DEVICE)
					UENUM = EndpointNumber;
     ce0:	10 92 e9 00 	sts	0x00E9, r1	; 0x8000e9 <__TEXT_REGION_LENGTH__+0x7fe0e9>
			 *  \return Boolean true if the selected endpoint has received a SETUP packet, false otherwise.
			 */
			static inline bool Endpoint_IsSETUPReceived(void) ATTR_WARN_UNUSED_RESULT ATTR_ALWAYS_INLINE;
			static inline bool Endpoint_IsSETUPReceived(void)
			{
				return ((UEINTX & (1 << RXSTPI)) ? true : false);
     ce4:	80 91 e8 00 	lds	r24, 0x00E8	; 0x8000e8 <__TEXT_REGION_LENGTH__+0x7fe0e8>
	{
		uint8_t PrevEndpoint = Endpoint_GetCurrentEndpoint();
	
		Endpoint_SelectEndpoint(ENDPOINT_CONTROLEP);

		if (Endpoint_IsSETUPReceived())
     ce8:	83 fd       	sbrc	r24, 3
		  USB_Device_ProcessControlRequest();
     cea:	00 df       	rcall	.-512    	; 0xaec <USB_Device_ProcessControlRequest>
			 */
			static inline void Endpoint_SelectEndpoint(const uint8_t EndpointNumber) ATTR_ALWAYS_INLINE;
			static inline void Endpoint_SelectEndpoint(const uint8_t EndpointNumber)
			{
				#if !defined(CONTROL_ONLY_DEVICE)
					UENUM = EndpointNumber;
     cec:	c0 93 e9 00 	sts	0x00E9, r28	; 0x8000e9 <__TEXT_REGION_LENGTH__+0x7fe0e9>
		if (USB_CurrentMode == USB_MODE_DEVICE)
		  USB_DeviceTask();
		else if (USB_CurrentMode == USB_MODE_HOST)
		  USB_HostTask();
	#endif
}
     cf0:	cf 91       	pop	r28
     cf2:	08 95       	ret

00000cf4 <HID_Device_ProcessControlRequest>:

#define  __INCLUDE_FROM_HID_DRIVER
#include "HID.h"

void HID_Device_ProcessControlRequest(USB_ClassInfo_HID_Device_t* const HIDInterfaceInfo)
{
     cf4:	8f 92       	push	r8
     cf6:	9f 92       	push	r9
     cf8:	af 92       	push	r10
     cfa:	bf 92       	push	r11
     cfc:	cf 92       	push	r12
     cfe:	df 92       	push	r13
     d00:	ef 92       	push	r14
     d02:	ff 92       	push	r15
     d04:	0f 93       	push	r16
     d06:	1f 93       	push	r17
     d08:	cf 93       	push	r28
     d0a:	df 93       	push	r29
     d0c:	00 d0       	rcall	.+0      	; 0xd0e <HID_Device_ProcessControlRequest+0x1a>
     d0e:	1f 92       	push	r1
     d10:	cd b7       	in	r28, 0x3d	; 61
     d12:	de b7       	in	r29, 0x3e	; 62
     d14:	7c 01       	movw	r14, r24
				Endpoint_ClearStatusStage();
			}

			break;
	}
}
     d16:	cd b6       	in	r12, 0x3d	; 61
     d18:	de b6       	in	r13, 0x3e	; 62
			 *  \return Boolean true if the selected endpoint has received a SETUP packet, false otherwise.
			 */
			static inline bool Endpoint_IsSETUPReceived(void) ATTR_WARN_UNUSED_RESULT ATTR_ALWAYS_INLINE;
			static inline bool Endpoint_IsSETUPReceived(void)
			{
				return ((UEINTX & (1 << RXSTPI)) ? true : false);
     d1a:	80 91 e8 00 	lds	r24, 0x00E8	; 0x8000e8 <__TEXT_REGION_LENGTH__+0x7fe0e8>
#define  __INCLUDE_FROM_HID_DRIVER
#include "HID.h"

void HID_Device_ProcessControlRequest(USB_ClassInfo_HID_Device_t* const HIDInterfaceInfo)
{
	if (!(Endpoint_IsSETUPReceived()))
     d1e:	83 ff       	sbrs	r24, 3
     d20:	15 c0       	rjmp	.+42     	; 0xd4c <HID_Device_ProcessControlRequest+0x58>
	  return;
	  
	if (USB_ControlRequest.wIndex != HIDInterfaceInfo->Config.InterfaceNumber)
     d22:	f7 01       	movw	r30, r14
     d24:	20 81       	ld	r18, Z
     d26:	80 91 16 02 	lds	r24, 0x0216	; 0x800216 <USB_ControlRequest+0x4>
     d2a:	90 91 17 02 	lds	r25, 0x0217	; 0x800217 <USB_ControlRequest+0x5>
     d2e:	28 17       	cp	r18, r24
     d30:	19 06       	cpc	r1, r25
     d32:	61 f4       	brne	.+24     	; 0xd4c <HID_Device_ProcessControlRequest+0x58>
	  return;

	switch (USB_ControlRequest.bRequest)
     d34:	80 91 13 02 	lds	r24, 0x0213	; 0x800213 <USB_ControlRequest+0x1>
     d38:	83 30       	cpi	r24, 0x03	; 3
     d3a:	09 f4       	brne	.+2      	; 0xd3e <HID_Device_ProcessControlRequest+0x4a>
     d3c:	a2 c0       	rjmp	.+324    	; 0xe82 <HID_Device_ProcessControlRequest+0x18e>
     d3e:	d8 f4       	brcc	.+54     	; 0xd76 <HID_Device_ProcessControlRequest+0x82>
     d40:	81 30       	cpi	r24, 0x01	; 1
     d42:	09 f4       	brne	.+2      	; 0xd46 <HID_Device_ProcessControlRequest+0x52>
     d44:	52 c0       	rjmp	.+164    	; 0xdea <HID_Device_ProcessControlRequest+0xf6>
     d46:	82 30       	cpi	r24, 0x02	; 2
     d48:	09 f4       	brne	.+2      	; 0xd4c <HID_Device_ProcessControlRequest+0x58>
     d4a:	da c0       	rjmp	.+436    	; 0xf00 <HID_Device_ProcessControlRequest+0x20c>
				Endpoint_ClearStatusStage();
			}

			break;
	}
}
     d4c:	0f b6       	in	r0, 0x3f	; 63
     d4e:	f8 94       	cli
     d50:	de be       	out	0x3e, r13	; 62
     d52:	0f be       	out	0x3f, r0	; 63
     d54:	cd be       	out	0x3d, r12	; 61
     d56:	0f 90       	pop	r0
     d58:	0f 90       	pop	r0
     d5a:	0f 90       	pop	r0
     d5c:	df 91       	pop	r29
     d5e:	cf 91       	pop	r28
     d60:	1f 91       	pop	r17
     d62:	0f 91       	pop	r16
     d64:	ff 90       	pop	r15
     d66:	ef 90       	pop	r14
     d68:	df 90       	pop	r13
     d6a:	cf 90       	pop	r12
     d6c:	bf 90       	pop	r11
     d6e:	af 90       	pop	r10
     d70:	9f 90       	pop	r9
     d72:	8f 90       	pop	r8
     d74:	08 95       	ret
	  return;
	  
	if (USB_ControlRequest.wIndex != HIDInterfaceInfo->Config.InterfaceNumber)
	  return;

	switch (USB_ControlRequest.bRequest)
     d76:	8a 30       	cpi	r24, 0x0A	; 10
     d78:	09 f4       	brne	.+2      	; 0xd7c <HID_Device_ProcessControlRequest+0x88>
     d7a:	aa c0       	rjmp	.+340    	; 0xed0 <HID_Device_ProcessControlRequest+0x1dc>
     d7c:	8b 30       	cpi	r24, 0x0B	; 11
     d7e:	09 f4       	brne	.+2      	; 0xd82 <HID_Device_ProcessControlRequest+0x8e>
     d80:	93 c0       	rjmp	.+294    	; 0xea8 <HID_Device_ProcessControlRequest+0x1b4>
     d82:	89 30       	cpi	r24, 0x09	; 9
     d84:	19 f7       	brne	.-58     	; 0xd4c <HID_Device_ProcessControlRequest+0x58>
				Endpoint_ClearOUT();
			}
		
			break;
		case REQ_SetReport:
			if (USB_ControlRequest.bmRequestType == (REQDIR_HOSTTODEVICE | REQTYPE_CLASS | REQREC_INTERFACE))
     d86:	80 91 12 02 	lds	r24, 0x0212	; 0x800212 <USB_ControlRequest>
     d8a:	81 32       	cpi	r24, 0x21	; 33
     d8c:	f9 f6       	brne	.-66     	; 0xd4c <HID_Device_ProcessControlRequest+0x58>
			 *  \note This is not applicable for non CONTROL type endpoints. 
			 */
			static inline void Endpoint_ClearSETUP(void) ATTR_ALWAYS_INLINE;
			static inline void Endpoint_ClearSETUP(void)
			{
				UEINTX &= ~(1 << RXSTPI);
     d8e:	80 91 e8 00 	lds	r24, 0x00E8	; 0x8000e8 <__TEXT_REGION_LENGTH__+0x7fe0e8>
     d92:	87 7f       	andi	r24, 0xF7	; 247
     d94:	80 93 e8 00 	sts	0x00E8, r24	; 0x8000e8 <__TEXT_REGION_LENGTH__+0x7fe0e8>
			{
				Endpoint_ClearSETUP();
				
				uint16_t ReportSize = USB_ControlRequest.wLength;
     d98:	00 91 18 02 	lds	r16, 0x0218	; 0x800218 <USB_ControlRequest+0x6>
     d9c:	10 91 19 02 	lds	r17, 0x0219	; 0x800219 <USB_ControlRequest+0x7>
				uint8_t  ReportID   = (USB_ControlRequest.wValue & 0xFF);
     da0:	a0 90 14 02 	lds	r10, 0x0214	; 0x800214 <USB_ControlRequest+0x2>
     da4:	b0 90 15 02 	lds	r11, 0x0215	; 0x800215 <USB_ControlRequest+0x3>
				uint8_t  ReportType = (USB_ControlRequest.wValue >> 8) - 1;
				uint8_t  ReportData[ReportSize];
     da8:	8d b7       	in	r24, 0x3d	; 61
     daa:	9e b7       	in	r25, 0x3e	; 62
     dac:	80 1b       	sub	r24, r16
     dae:	91 0b       	sbc	r25, r17
     db0:	0f b6       	in	r0, 0x3f	; 63
     db2:	f8 94       	cli
     db4:	9e bf       	out	0x3e, r25	; 62
     db6:	0f be       	out	0x3f, r0	; 63
     db8:	8d bf       	out	0x3d, r24	; 61
     dba:	ed b7       	in	r30, 0x3d	; 61
     dbc:	fe b7       	in	r31, 0x3e	; 62
     dbe:	31 96       	adiw	r30, 0x01	; 1
     dc0:	4f 01       	movw	r8, r30

				Endpoint_Read_Control_Stream_LE(ReportData, ReportSize);
     dc2:	b8 01       	movw	r22, r16
     dc4:	cf 01       	movw	r24, r30
     dc6:	70 dd       	rcall	.-1312   	; 0x8a8 <Endpoint_Read_Control_Stream_LE>
			{
				Endpoint_ClearSETUP();
				
				uint16_t ReportSize = USB_ControlRequest.wLength;
				uint8_t  ReportID   = (USB_ControlRequest.wValue & 0xFF);
				uint8_t  ReportType = (USB_ControlRequest.wValue >> 8) - 1;
     dc8:	4f ef       	ldi	r20, 0xFF	; 255
     dca:	4b 0d       	add	r20, r11
				uint8_t  ReportData[ReportSize];

				Endpoint_Read_Control_Stream_LE(ReportData, ReportSize);
				CALLBACK_HID_Device_ProcessHIDReport(HIDInterfaceInfo, ReportID, ReportType, ReportData, ReportSize);
     dcc:	94 01       	movw	r18, r8
     dce:	6a 2d       	mov	r22, r10
     dd0:	c7 01       	movw	r24, r14
     dd2:	65 db       	rcall	.-2358   	; 0x49e <CALLBACK_HID_Device_ProcessHIDReport>
			 */
			static inline void Endpoint_ClearIN(void) ATTR_ALWAYS_INLINE;
			static inline void Endpoint_ClearIN(void)
			{
				#if !defined(CONTROL_ONLY_DEVICE)
					UEINTX &= ~((1 << TXINI) | (1 << FIFOCON));
     dd4:	80 91 e8 00 	lds	r24, 0x00E8	; 0x8000e8 <__TEXT_REGION_LENGTH__+0x7fe0e8>
     dd8:	8e 77       	andi	r24, 0x7E	; 126
     dda:	80 93 e8 00 	sts	0x00E8, r24	; 0x8000e8 <__TEXT_REGION_LENGTH__+0x7fe0e8>
     dde:	0f b6       	in	r0, 0x3f	; 63
     de0:	f8 94       	cli
     de2:	de be       	out	0x3e, r13	; 62
     de4:	0f be       	out	0x3f, r0	; 63
     de6:	cd be       	out	0x3d, r12	; 61
     de8:	b1 cf       	rjmp	.-158    	; 0xd4c <HID_Device_ProcessControlRequest+0x58>
	  return;

	switch (USB_ControlRequest.bRequest)
	{
		case REQ_GetReport:
			if (USB_ControlRequest.bmRequestType == (REQDIR_DEVICETOHOST | REQTYPE_CLASS | REQREC_INTERFACE))
     dea:	80 91 12 02 	lds	r24, 0x0212	; 0x800212 <USB_ControlRequest>
     dee:	81 3a       	cpi	r24, 0xA1	; 161
     df0:	09 f0       	breq	.+2      	; 0xdf4 <HID_Device_ProcessControlRequest+0x100>
     df2:	ac cf       	rjmp	.-168    	; 0xd4c <HID_Device_ProcessControlRequest+0x58>
			{
     df4:	8d b6       	in	r8, 0x3d	; 61
     df6:	9e b6       	in	r9, 0x3e	; 62
			 *  \note This is not applicable for non CONTROL type endpoints. 
			 */
			static inline void Endpoint_ClearSETUP(void) ATTR_ALWAYS_INLINE;
			static inline void Endpoint_ClearSETUP(void)
			{
				UEINTX &= ~(1 << RXSTPI);
     df8:	80 91 e8 00 	lds	r24, 0x00E8	; 0x8000e8 <__TEXT_REGION_LENGTH__+0x7fe0e8>
     dfc:	87 7f       	andi	r24, 0xF7	; 247
     dfe:	80 93 e8 00 	sts	0x00E8, r24	; 0x8000e8 <__TEXT_REGION_LENGTH__+0x7fe0e8>
				Endpoint_ClearSETUP();	

				uint16_t ReportSize = 0;
     e02:	1a 82       	std	Y+2, r1	; 0x02
     e04:	19 82       	std	Y+1, r1	; 0x01
				uint8_t  ReportID   = (USB_ControlRequest.wValue & 0xFF);
     e06:	80 91 14 02 	lds	r24, 0x0214	; 0x800214 <USB_ControlRequest+0x2>
     e0a:	10 91 15 02 	lds	r17, 0x0215	; 0x800215 <USB_ControlRequest+0x3>
     e0e:	8b 83       	std	Y+3, r24	; 0x03
				uint8_t  ReportType = (USB_ControlRequest.wValue >> 8) - 1;
				uint8_t  ReportData[HIDInterfaceInfo->Config.PrevReportINBufferSize];
     e10:	87 81       	ldd	r24, Z+7	; 0x07
     e12:	48 2f       	mov	r20, r24
     e14:	50 e0       	ldi	r21, 0x00	; 0
     e16:	8d b7       	in	r24, 0x3d	; 61
     e18:	9e b7       	in	r25, 0x3e	; 62
     e1a:	84 1b       	sub	r24, r20
     e1c:	95 0b       	sbc	r25, r21
     e1e:	0f b6       	in	r0, 0x3f	; 63
     e20:	f8 94       	cli
     e22:	9e bf       	out	0x3e, r25	; 62
     e24:	0f be       	out	0x3f, r0	; 63
     e26:	8d bf       	out	0x3d, r24	; 61
     e28:	ed b7       	in	r30, 0x3d	; 61
     e2a:	fe b7       	in	r31, 0x3e	; 62
     e2c:	31 96       	adiw	r30, 0x01	; 1
     e2e:	5f 01       	movw	r10, r30

				memset(ReportData, 0, sizeof(ReportData));
     e30:	70 e0       	ldi	r23, 0x00	; 0
     e32:	60 e0       	ldi	r22, 0x00	; 0
     e34:	cf 01       	movw	r24, r30
     e36:	55 d1       	rcall	.+682    	; 0x10e2 <memset>
			{
				Endpoint_ClearSETUP();	

				uint16_t ReportSize = 0;
				uint8_t  ReportID   = (USB_ControlRequest.wValue & 0xFF);
				uint8_t  ReportType = (USB_ControlRequest.wValue >> 8) - 1;
     e38:	4f ef       	ldi	r20, 0xFF	; 255
     e3a:	41 0f       	add	r20, r17
				uint8_t  ReportData[HIDInterfaceInfo->Config.PrevReportINBufferSize];

				memset(ReportData, 0, sizeof(ReportData));

				CALLBACK_HID_Device_CreateHIDReport(HIDInterfaceInfo, &ReportID, ReportType, ReportData, &ReportSize);
     e3c:	8e 01       	movw	r16, r28
     e3e:	0f 5f       	subi	r16, 0xFF	; 255
     e40:	1f 4f       	sbci	r17, 0xFF	; 255
     e42:	95 01       	movw	r18, r10
     e44:	be 01       	movw	r22, r28
     e46:	6d 5f       	subi	r22, 0xFD	; 253
     e48:	7f 4f       	sbci	r23, 0xFF	; 255
     e4a:	c7 01       	movw	r24, r14
     e4c:	9f da       	rcall	.-2754   	; 0x38c <CALLBACK_HID_Device_CreateHIDReport>
				
				if (HIDInterfaceInfo->Config.PrevReportINBuffer != NULL)
     e4e:	f7 01       	movw	r30, r14
     e50:	85 81       	ldd	r24, Z+5	; 0x05
     e52:	96 81       	ldd	r25, Z+6	; 0x06
     e54:	00 97       	sbiw	r24, 0x00	; 0
				  memcpy(HIDInterfaceInfo->Config.PrevReportINBuffer, ReportData, HIDInterfaceInfo->Config.PrevReportINBufferSize);
     e56:	21 f0       	breq	.+8      	; 0xe60 <HID_Device_ProcessControlRequest+0x16c>
     e58:	47 81       	ldd	r20, Z+7	; 0x07
     e5a:	50 e0       	ldi	r21, 0x00	; 0
     e5c:	b5 01       	movw	r22, r10
     e5e:	38 d1       	rcall	.+624    	; 0x10d0 <memcpy>
			 */
			static inline void Endpoint_SelectEndpoint(const uint8_t EndpointNumber) ATTR_ALWAYS_INLINE;
			static inline void Endpoint_SelectEndpoint(const uint8_t EndpointNumber)
			{
				#if !defined(CONTROL_ONLY_DEVICE)
					UENUM = EndpointNumber;
     e60:	10 92 e9 00 	sts	0x00E9, r1	; 0x8000e9 <__TEXT_REGION_LENGTH__+0x7fe0e9>

				Endpoint_SelectEndpoint(ENDPOINT_CONTROLEP);
				Endpoint_Write_Control_Stream_LE(ReportData, ReportSize);
     e64:	69 81       	ldd	r22, Y+1	; 0x01
     e66:	7a 81       	ldd	r23, Y+2	; 0x02
     e68:	c5 01       	movw	r24, r10
     e6a:	73 dc       	rcall	.-1818   	; 0x752 <Endpoint_Write_Control_Stream_LE>
			 */
			static inline void Endpoint_ClearOUT(void) ATTR_ALWAYS_INLINE;
			static inline void Endpoint_ClearOUT(void)
			{
				#if !defined(CONTROL_ONLY_DEVICE)
					UEINTX &= ~((1 << RXOUTI) | (1 << FIFOCON));
     e6c:	80 91 e8 00 	lds	r24, 0x00E8	; 0x8000e8 <__TEXT_REGION_LENGTH__+0x7fe0e8>
     e70:	8b 77       	andi	r24, 0x7B	; 123
     e72:	80 93 e8 00 	sts	0x00E8, r24	; 0x8000e8 <__TEXT_REGION_LENGTH__+0x7fe0e8>
     e76:	0f b6       	in	r0, 0x3f	; 63
     e78:	f8 94       	cli
     e7a:	9e be       	out	0x3e, r9	; 62
     e7c:	0f be       	out	0x3f, r0	; 63
     e7e:	8d be       	out	0x3d, r8	; 61
     e80:	65 cf       	rjmp	.-310    	; 0xd4c <HID_Device_ProcessControlRequest+0x58>
				Endpoint_ClearIN();				
			}
			
			break;
		case REQ_GetProtocol:
			if (USB_ControlRequest.bmRequestType == (REQDIR_DEVICETOHOST | REQTYPE_CLASS | REQREC_INTERFACE))
     e82:	80 91 12 02 	lds	r24, 0x0212	; 0x800212 <USB_ControlRequest>
     e86:	81 3a       	cpi	r24, 0xA1	; 161
     e88:	09 f0       	breq	.+2      	; 0xe8c <HID_Device_ProcessControlRequest+0x198>
     e8a:	60 cf       	rjmp	.-320    	; 0xd4c <HID_Device_ProcessControlRequest+0x58>
			 *  \note This is not applicable for non CONTROL type endpoints. 
			 */
			static inline void Endpoint_ClearSETUP(void) ATTR_ALWAYS_INLINE;
			static inline void Endpoint_ClearSETUP(void)
			{
				UEINTX &= ~(1 << RXSTPI);
     e8c:	80 91 e8 00 	lds	r24, 0x00E8	; 0x8000e8 <__TEXT_REGION_LENGTH__+0x7fe0e8>
     e90:	87 7f       	andi	r24, 0xF7	; 247
     e92:	80 93 e8 00 	sts	0x00E8, r24	; 0x8000e8 <__TEXT_REGION_LENGTH__+0x7fe0e8>
			{
				Endpoint_ClearSETUP();

				Endpoint_Write_Byte(HIDInterfaceInfo->State.UsingReportProtocol);
     e96:	80 85       	ldd	r24, Z+8	; 0x08
			 *  \param[in] Byte  Next byte to write into the the currently selected endpoint's FIFO buffer.
			 */
			static inline void Endpoint_Write_Byte(const uint8_t Byte) ATTR_ALWAYS_INLINE;
			static inline void Endpoint_Write_Byte(const uint8_t Byte)
			{
				UEDATX = Byte;
     e98:	80 93 f1 00 	sts	0x00F1, r24	; 0x8000f1 <__TEXT_REGION_LENGTH__+0x7fe0f1>
			 */
			static inline void Endpoint_ClearIN(void) ATTR_ALWAYS_INLINE;
			static inline void Endpoint_ClearIN(void)
			{
				#if !defined(CONTROL_ONLY_DEVICE)
					UEINTX &= ~((1 << TXINI) | (1 << FIFOCON));
     e9c:	80 91 e8 00 	lds	r24, 0x00E8	; 0x8000e8 <__TEXT_REGION_LENGTH__+0x7fe0e8>
     ea0:	8e 77       	andi	r24, 0x7E	; 126
     ea2:	80 93 e8 00 	sts	0x00E8, r24	; 0x8000e8 <__TEXT_REGION_LENGTH__+0x7fe0e8>
     ea6:	12 c0       	rjmp	.+36     	; 0xecc <HID_Device_ProcessControlRequest+0x1d8>
				Endpoint_ClearStatusStage();
			}
			
			break;
		case REQ_SetProtocol:
			if (USB_ControlRequest.bmRequestType == (REQDIR_HOSTTODEVICE | REQTYPE_CLASS | REQREC_INTERFACE))
     ea8:	80 91 12 02 	lds	r24, 0x0212	; 0x800212 <USB_ControlRequest>
     eac:	81 32       	cpi	r24, 0x21	; 33
     eae:	09 f0       	breq	.+2      	; 0xeb2 <HID_Device_ProcessControlRequest+0x1be>
     eb0:	4d cf       	rjmp	.-358    	; 0xd4c <HID_Device_ProcessControlRequest+0x58>
			 *  \note This is not applicable for non CONTROL type endpoints. 
			 */
			static inline void Endpoint_ClearSETUP(void) ATTR_ALWAYS_INLINE;
			static inline void Endpoint_ClearSETUP(void)
			{
				UEINTX &= ~(1 << RXSTPI);
     eb2:	80 91 e8 00 	lds	r24, 0x00E8	; 0x8000e8 <__TEXT_REGION_LENGTH__+0x7fe0e8>
     eb6:	87 7f       	andi	r24, 0xF7	; 247
     eb8:	80 93 e8 00 	sts	0x00E8, r24	; 0x8000e8 <__TEXT_REGION_LENGTH__+0x7fe0e8>
			{
				Endpoint_ClearSETUP();

				HIDInterfaceInfo->State.UsingReportProtocol = ((USB_ControlRequest.wValue & 0xFF) != 0x00);
     ebc:	90 91 14 02 	lds	r25, 0x0214	; 0x800214 <USB_ControlRequest+0x2>
     ec0:	81 e0       	ldi	r24, 0x01	; 1
     ec2:	91 11       	cpse	r25, r1
     ec4:	01 c0       	rjmp	.+2      	; 0xec8 <HID_Device_ProcessControlRequest+0x1d4>
     ec6:	80 e0       	ldi	r24, 0x00	; 0
     ec8:	f7 01       	movw	r30, r14
				Endpoint_ClearSETUP();
				
				Endpoint_Write_Byte(HIDInterfaceInfo->State.IdleCount >> 2);
				Endpoint_ClearIN();

				Endpoint_ClearStatusStage();
     eca:	80 87       	std	Z+8, r24	; 0x08
     ecc:	bf db       	rcall	.-2178   	; 0x64c <Endpoint_ClearStatusStage>
     ece:	3e cf       	rjmp	.-388    	; 0xd4c <HID_Device_ProcessControlRequest+0x58>
				Endpoint_ClearStatusStage();
			}
			
			break;
		case REQ_SetIdle:
			if (USB_ControlRequest.bmRequestType == (REQDIR_HOSTTODEVICE | REQTYPE_CLASS | REQREC_INTERFACE))
     ed0:	80 91 12 02 	lds	r24, 0x0212	; 0x800212 <USB_ControlRequest>
     ed4:	81 32       	cpi	r24, 0x21	; 33
     ed6:	09 f0       	breq	.+2      	; 0xeda <HID_Device_ProcessControlRequest+0x1e6>
     ed8:	39 cf       	rjmp	.-398    	; 0xd4c <HID_Device_ProcessControlRequest+0x58>
     eda:	80 91 e8 00 	lds	r24, 0x00E8	; 0x8000e8 <__TEXT_REGION_LENGTH__+0x7fe0e8>
     ede:	87 7f       	andi	r24, 0xF7	; 247
     ee0:	80 93 e8 00 	sts	0x00E8, r24	; 0x8000e8 <__TEXT_REGION_LENGTH__+0x7fe0e8>
			{
				Endpoint_ClearSETUP();
					
				HIDInterfaceInfo->State.IdleCount = ((USB_ControlRequest.wValue & 0xFF00) >> 6);
     ee4:	80 91 14 02 	lds	r24, 0x0214	; 0x800214 <USB_ControlRequest+0x2>
     ee8:	90 91 15 02 	lds	r25, 0x0215	; 0x800215 <USB_ControlRequest+0x3>
     eec:	36 e0       	ldi	r19, 0x06	; 6
     eee:	96 95       	lsr	r25
     ef0:	87 95       	ror	r24
     ef2:	3a 95       	dec	r19
     ef4:	e1 f7       	brne	.-8      	; 0xeee <HID_Device_ProcessControlRequest+0x1fa>
     ef6:	8c 7f       	andi	r24, 0xFC	; 252
     ef8:	93 70       	andi	r25, 0x03	; 3
     efa:	92 87       	std	Z+10, r25	; 0x0a
     efc:	81 87       	std	Z+9, r24	; 0x09
     efe:	e6 cf       	rjmp	.-52     	; 0xecc <HID_Device_ProcessControlRequest+0x1d8>
				Endpoint_ClearStatusStage();
			}
			
			break;
		case REQ_GetIdle:
			if (USB_ControlRequest.bmRequestType == (REQDIR_DEVICETOHOST | REQTYPE_CLASS | REQREC_INTERFACE))
     f00:	80 91 12 02 	lds	r24, 0x0212	; 0x800212 <USB_ControlRequest>
     f04:	81 3a       	cpi	r24, 0xA1	; 161
     f06:	09 f0       	breq	.+2      	; 0xf0a <HID_Device_ProcessControlRequest+0x216>
     f08:	21 cf       	rjmp	.-446    	; 0xd4c <HID_Device_ProcessControlRequest+0x58>
     f0a:	80 91 e8 00 	lds	r24, 0x00E8	; 0x8000e8 <__TEXT_REGION_LENGTH__+0x7fe0e8>
     f0e:	87 7f       	andi	r24, 0xF7	; 247
     f10:	80 93 e8 00 	sts	0x00E8, r24	; 0x8000e8 <__TEXT_REGION_LENGTH__+0x7fe0e8>
			{		
				Endpoint_ClearSETUP();
				
				Endpoint_Write_Byte(HIDInterfaceInfo->State.IdleCount >> 2);
     f14:	81 85       	ldd	r24, Z+9	; 0x09
     f16:	92 85       	ldd	r25, Z+10	; 0x0a
     f18:	96 95       	lsr	r25
     f1a:	87 95       	ror	r24
     f1c:	96 95       	lsr	r25
     f1e:	87 95       	ror	r24
     f20:	bb cf       	rjmp	.-138    	; 0xe98 <HID_Device_ProcessControlRequest+0x1a4>

00000f22 <HID_Device_ConfigureEndpoints>:
			break;
	}
}

bool HID_Device_ConfigureEndpoints(USB_ClassInfo_HID_Device_t* const HIDInterfaceInfo)
{
     f22:	cf 93       	push	r28
     f24:	df 93       	push	r29
     f26:	fc 01       	movw	r30, r24
	memset(&HIDInterfaceInfo->State, 0x00, sizeof(HIDInterfaceInfo->State));
     f28:	dc 01       	movw	r26, r24
     f2a:	1a 96       	adiw	r26, 0x0a	; 10
     f2c:	83 e0       	ldi	r24, 0x03	; 3
     f2e:	ed 01       	movw	r28, r26
     f30:	19 92       	st	Y+, r1
     f32:	8a 95       	dec	r24
     f34:	e9 f7       	brne	.-6      	; 0xf30 <HID_Device_ConfigureEndpoints+0xe>
	HIDInterfaceInfo->State.UsingReportProtocol = true;
     f36:	81 e0       	ldi	r24, 0x01	; 1
     f38:	80 87       	std	Z+8, r24	; 0x08
	HIDInterfaceInfo->State.IdleCount = 500;
     f3a:	84 ef       	ldi	r24, 0xF4	; 244
     f3c:	91 e0       	ldi	r25, 0x01	; 1
     f3e:	92 87       	std	Z+10, r25	; 0x0a
     f40:	81 87       	std	Z+9, r24	; 0x09

	if (!(Endpoint_ConfigureEndpoint(HIDInterfaceInfo->Config.ReportINEndpointNumber, EP_TYPE_INTERRUPT,
     f42:	82 81       	ldd	r24, Z+2	; 0x02
     f44:	93 81       	ldd	r25, Z+3	; 0x03
     f46:	24 81       	ldd	r18, Z+4	; 0x04
     f48:	c0 e0       	ldi	r28, 0x00	; 0
     f4a:	21 11       	cpse	r18, r1
     f4c:	c4 e0       	ldi	r28, 0x04	; 4
     f4e:	d1 81       	ldd	r29, Z+1	; 0x01
			                                                     const uint8_t Direction,
			                                                     const uint16_t Size,
			                                                     const uint8_t Banks)
			{
				return Endpoint_ConfigureEndpoint_Prv(Number, (((Type) << EPTYPE0) | (Direction)),
				                                      ((1 << ALLOC) | Banks | Endpoint_BytesToEPSizeMaskDynamic(Size)));
     f50:	48 db       	rcall	.-2416   	; 0x5e2 <Endpoint_BytesToEPSizeMaskDynamic>
			                                                     const uint8_t Type,
			                                                     const uint8_t Direction,
			                                                     const uint16_t Size,
			                                                     const uint8_t Banks)
			{
				return Endpoint_ConfigureEndpoint_Prv(Number, (((Type) << EPTYPE0) | (Direction)),
     f52:	8c 2b       	or	r24, r28
     f54:	48 2f       	mov	r20, r24
     f56:	42 60       	ori	r20, 0x02	; 2
     f58:	61 ec       	ldi	r22, 0xC1	; 193
     f5a:	8d 2f       	mov	r24, r29
	{
		return false;
	}
	
	return true;
}
     f5c:	df 91       	pop	r29
     f5e:	cf 91       	pop	r28
     f60:	4e cb       	rjmp	.-2404   	; 0x5fe <Endpoint_ConfigureEndpoint_Prv>

00000f62 <HID_Device_USBTask>:
		
void HID_Device_USBTask(USB_ClassInfo_HID_Device_t* const HIDInterfaceInfo)
{
     f62:	5f 92       	push	r5
     f64:	6f 92       	push	r6
     f66:	7f 92       	push	r7
     f68:	8f 92       	push	r8
     f6a:	9f 92       	push	r9
     f6c:	af 92       	push	r10
     f6e:	bf 92       	push	r11
     f70:	cf 92       	push	r12
     f72:	df 92       	push	r13
     f74:	ef 92       	push	r14
     f76:	ff 92       	push	r15
     f78:	0f 93       	push	r16
     f7a:	1f 93       	push	r17
     f7c:	cf 93       	push	r28
     f7e:	df 93       	push	r29
     f80:	00 d0       	rcall	.+0      	; 0xf82 <HID_Device_USBTask+0x20>
     f82:	1f 92       	push	r1
     f84:	cd b7       	in	r28, 0x3d	; 61
     f86:	de b7       	in	r29, 0x3e	; 62
     f88:	7c 01       	movw	r14, r24
			Endpoint_Write_Stream_LE(ReportINData, ReportINSize, NO_STREAM_CALLBACK);
			
			Endpoint_ClearIN();
		}
	}
}
     f8a:	ad b6       	in	r10, 0x3d	; 61
     f8c:	be b6       	in	r11, 0x3e	; 62
	return true;
}
		
void HID_Device_USBTask(USB_ClassInfo_HID_Device_t* const HIDInterfaceInfo)
{
	if (USB_DeviceState != DEVICE_STATE_Configured)
     f8e:	8e b3       	in	r24, 0x1e	; 30
     f90:	84 30       	cpi	r24, 0x04	; 4
     f92:	09 f0       	breq	.+2      	; 0xf96 <HID_Device_USBTask+0x34>
     f94:	72 c0       	rjmp	.+228    	; 0x107a <HID_Device_USBTask+0x118>
	  return;

	Endpoint_SelectEndpoint(HIDInterfaceInfo->Config.ReportINEndpointNumber);
     f96:	f7 01       	movw	r30, r14
     f98:	81 81       	ldd	r24, Z+1	; 0x01
			 */
			static inline void Endpoint_SelectEndpoint(const uint8_t EndpointNumber) ATTR_ALWAYS_INLINE;
			static inline void Endpoint_SelectEndpoint(const uint8_t EndpointNumber)
			{
				#if !defined(CONTROL_ONLY_DEVICE)
					UENUM = EndpointNumber;
     f9a:	80 93 e9 00 	sts	0x00E9, r24	; 0x8000e9 <__TEXT_REGION_LENGTH__+0x7fe0e9>
			 *  \return Boolean true if the currently selected endpoint may be read from or written to, depending on its direction.
			 */
			static inline bool Endpoint_IsReadWriteAllowed(void) ATTR_WARN_UNUSED_RESULT ATTR_ALWAYS_INLINE;
			static inline bool Endpoint_IsReadWriteAllowed(void)
			{
				return ((UEINTX & (1 << RWAL)) ? true : false);
     f9e:	80 91 e8 00 	lds	r24, 0x00E8	; 0x8000e8 <__TEXT_REGION_LENGTH__+0x7fe0e8>
	
	if (Endpoint_IsReadWriteAllowed())
     fa2:	85 ff       	sbrs	r24, 5
     fa4:	6a c0       	rjmp	.+212    	; 0x107a <HID_Device_USBTask+0x118>
	{
     fa6:	8d b6       	in	r8, 0x3d	; 61
     fa8:	9e b6       	in	r9, 0x3e	; 62
		uint8_t  ReportINData[HIDInterfaceInfo->Config.PrevReportINBufferSize];
     faa:	47 81       	ldd	r20, Z+7	; 0x07
     fac:	50 e0       	ldi	r21, 0x00	; 0
     fae:	8d b7       	in	r24, 0x3d	; 61
     fb0:	9e b7       	in	r25, 0x3e	; 62
     fb2:	84 1b       	sub	r24, r20
     fb4:	95 0b       	sbc	r25, r21
     fb6:	0f b6       	in	r0, 0x3f	; 63
     fb8:	f8 94       	cli
     fba:	9e bf       	out	0x3e, r25	; 62
     fbc:	0f be       	out	0x3f, r0	; 63
     fbe:	8d bf       	out	0x3d, r24	; 61
     fc0:	ed b7       	in	r30, 0x3d	; 61
     fc2:	fe b7       	in	r31, 0x3e	; 62
     fc4:	31 96       	adiw	r30, 0x01	; 1
     fc6:	6f 01       	movw	r12, r30
		uint8_t  ReportID     = 0;
     fc8:	1b 82       	std	Y+3, r1	; 0x03
		uint16_t ReportINSize = 0;
     fca:	1a 82       	std	Y+2, r1	; 0x02
     fcc:	19 82       	std	Y+1, r1	; 0x01

		memset(ReportINData, 0, sizeof(ReportINData));
     fce:	70 e0       	ldi	r23, 0x00	; 0
     fd0:	60 e0       	ldi	r22, 0x00	; 0
     fd2:	cf 01       	movw	r24, r30
     fd4:	86 d0       	rcall	.+268    	; 0x10e2 <memset>

		bool ForceSend         = CALLBACK_HID_Device_CreateHIDReport(HIDInterfaceInfo, &ReportID, REPORT_ITEM_TYPE_In,
     fd6:	8e 01       	movw	r16, r28
     fd8:	0f 5f       	subi	r16, 0xFF	; 255
     fda:	1f 4f       	sbci	r17, 0xFF	; 255
     fdc:	96 01       	movw	r18, r12
     fde:	40 e0       	ldi	r20, 0x00	; 0
     fe0:	be 01       	movw	r22, r28
     fe2:	6d 5f       	subi	r22, 0xFD	; 253
     fe4:	7f 4f       	sbci	r23, 0xFF	; 255
     fe6:	c7 01       	movw	r24, r14
     fe8:	d1 d9       	rcall	.-3166   	; 0x38c <CALLBACK_HID_Device_CreateHIDReport>
     fea:	58 2e       	mov	r5, r24
		                                                             ReportINData, &ReportINSize);
		bool StatesChanged     = false;
		bool IdlePeriodElapsed = (HIDInterfaceInfo->State.IdleCount && !(HIDInterfaceInfo->State.IdleMSRemaining));
     fec:	f7 01       	movw	r30, r14
     fee:	81 85       	ldd	r24, Z+9	; 0x09
     ff0:	92 85       	ldd	r25, Z+10	; 0x0a
     ff2:	89 2b       	or	r24, r25
     ff4:	29 f0       	breq	.+10     	; 0x1000 <HID_Device_USBTask+0x9e>
     ff6:	11 e0       	ldi	r17, 0x01	; 1
     ff8:	83 85       	ldd	r24, Z+11	; 0x0b
     ffa:	94 85       	ldd	r25, Z+12	; 0x0c
     ffc:	89 2b       	or	r24, r25
     ffe:	09 f0       	breq	.+2      	; 0x1002 <HID_Device_USBTask+0xa0>
    1000:	10 e0       	ldi	r17, 0x00	; 0
		
		if (HIDInterfaceInfo->Config.PrevReportINBuffer != NULL)
    1002:	f7 01       	movw	r30, r14
    1004:	65 80       	ldd	r6, Z+5	; 0x05
    1006:	76 80       	ldd	r7, Z+6	; 0x06

		memset(ReportINData, 0, sizeof(ReportINData));

		bool ForceSend         = CALLBACK_HID_Device_CreateHIDReport(HIDInterfaceInfo, &ReportID, REPORT_ITEM_TYPE_In,
		                                                             ReportINData, &ReportINSize);
		bool StatesChanged     = false;
    1008:	00 e0       	ldi	r16, 0x00	; 0
		bool IdlePeriodElapsed = (HIDInterfaceInfo->State.IdleCount && !(HIDInterfaceInfo->State.IdleMSRemaining));
		
		if (HIDInterfaceInfo->Config.PrevReportINBuffer != NULL)
    100a:	61 14       	cp	r6, r1
    100c:	71 04       	cpc	r7, r1
    100e:	79 f0       	breq	.+30     	; 0x102e <HID_Device_USBTask+0xcc>
		{
			StatesChanged = (memcmp(ReportINData, HIDInterfaceInfo->Config.PrevReportINBuffer, ReportINSize) != 0);
    1010:	49 81       	ldd	r20, Y+1	; 0x01
    1012:	5a 81       	ldd	r21, Y+2	; 0x02
    1014:	b3 01       	movw	r22, r6
    1016:	c6 01       	movw	r24, r12
    1018:	4e d0       	rcall	.+156    	; 0x10b6 <memcmp>
    101a:	01 e0       	ldi	r16, 0x01	; 1
    101c:	89 2b       	or	r24, r25
    101e:	09 f4       	brne	.+2      	; 0x1022 <HID_Device_USBTask+0xc0>
    1020:	00 e0       	ldi	r16, 0x00	; 0
			memcpy(HIDInterfaceInfo->Config.PrevReportINBuffer, ReportINData, HIDInterfaceInfo->Config.PrevReportINBufferSize);
    1022:	f7 01       	movw	r30, r14
    1024:	47 81       	ldd	r20, Z+7	; 0x07
    1026:	50 e0       	ldi	r21, 0x00	; 0
    1028:	b6 01       	movw	r22, r12
    102a:	c3 01       	movw	r24, r6
    102c:	51 d0       	rcall	.+162    	; 0x10d0 <memcpy>
		}

		if (ReportINSize && (ForceSend || StatesChanged || IdlePeriodElapsed))
    102e:	89 81       	ldd	r24, Y+1	; 0x01
    1030:	9a 81       	ldd	r25, Y+2	; 0x02
    1032:	89 2b       	or	r24, r25
    1034:	e9 f0       	breq	.+58     	; 0x1070 <HID_Device_USBTask+0x10e>
    1036:	51 10       	cpse	r5, r1
    1038:	04 c0       	rjmp	.+8      	; 0x1042 <HID_Device_USBTask+0xe0>
    103a:	01 11       	cpse	r16, r1
    103c:	02 c0       	rjmp	.+4      	; 0x1042 <HID_Device_USBTask+0xe0>
    103e:	10 ff       	sbrs	r17, 0
    1040:	17 c0       	rjmp	.+46     	; 0x1070 <HID_Device_USBTask+0x10e>
		{
			HIDInterfaceInfo->State.IdleMSRemaining = HIDInterfaceInfo->State.IdleCount;
    1042:	f7 01       	movw	r30, r14
    1044:	81 85       	ldd	r24, Z+9	; 0x09
    1046:	92 85       	ldd	r25, Z+10	; 0x0a
    1048:	94 87       	std	Z+12, r25	; 0x0c
    104a:	83 87       	std	Z+11, r24	; 0x0b

			Endpoint_SelectEndpoint(HIDInterfaceInfo->Config.ReportINEndpointNumber);
    104c:	81 81       	ldd	r24, Z+1	; 0x01
			 */
			static inline void Endpoint_SelectEndpoint(const uint8_t EndpointNumber) ATTR_ALWAYS_INLINE;
			static inline void Endpoint_SelectEndpoint(const uint8_t EndpointNumber)
			{
				#if !defined(CONTROL_ONLY_DEVICE)
					UENUM = EndpointNumber;
    104e:	80 93 e9 00 	sts	0x00E9, r24	; 0x8000e9 <__TEXT_REGION_LENGTH__+0x7fe0e9>

			if (ReportID)
    1052:	8b 81       	ldd	r24, Y+3	; 0x03
    1054:	81 11       	cpse	r24, r1
			 *  \param[in] Byte  Next byte to write into the the currently selected endpoint's FIFO buffer.
			 */
			static inline void Endpoint_Write_Byte(const uint8_t Byte) ATTR_ALWAYS_INLINE;
			static inline void Endpoint_Write_Byte(const uint8_t Byte)
			{
				UEDATX = Byte;
    1056:	80 93 f1 00 	sts	0x00F1, r24	; 0x8000f1 <__TEXT_REGION_LENGTH__+0x7fe0f1>
			  Endpoint_Write_Byte(ReportID);

			Endpoint_Write_Stream_LE(ReportINData, ReportINSize, NO_STREAM_CALLBACK);
    105a:	69 81       	ldd	r22, Y+1	; 0x01
    105c:	7a 81       	ldd	r23, Y+2	; 0x02
    105e:	50 e0       	ldi	r21, 0x00	; 0
    1060:	40 e0       	ldi	r20, 0x00	; 0
    1062:	c6 01       	movw	r24, r12
    1064:	3c db       	rcall	.-2440   	; 0x6de <Endpoint_Write_Stream_LE>
			 */
			static inline void Endpoint_ClearIN(void) ATTR_ALWAYS_INLINE;
			static inline void Endpoint_ClearIN(void)
			{
				#if !defined(CONTROL_ONLY_DEVICE)
					UEINTX &= ~((1 << TXINI) | (1 << FIFOCON));
    1066:	80 91 e8 00 	lds	r24, 0x00E8	; 0x8000e8 <__TEXT_REGION_LENGTH__+0x7fe0e8>
    106a:	8e 77       	andi	r24, 0x7E	; 126
    106c:	80 93 e8 00 	sts	0x00E8, r24	; 0x8000e8 <__TEXT_REGION_LENGTH__+0x7fe0e8>
    1070:	0f b6       	in	r0, 0x3f	; 63
    1072:	f8 94       	cli
    1074:	9e be       	out	0x3e, r9	; 62
    1076:	0f be       	out	0x3f, r0	; 63
    1078:	8d be       	out	0x3d, r8	; 61
			
			Endpoint_ClearIN();
		}
	}
}
    107a:	0f b6       	in	r0, 0x3f	; 63
    107c:	f8 94       	cli
    107e:	be be       	out	0x3e, r11	; 62
    1080:	0f be       	out	0x3f, r0	; 63
    1082:	ad be       	out	0x3d, r10	; 61
    1084:	0f 90       	pop	r0
    1086:	0f 90       	pop	r0
    1088:	0f 90       	pop	r0
    108a:	df 91       	pop	r29
    108c:	cf 91       	pop	r28
    108e:	1f 91       	pop	r17
    1090:	0f 91       	pop	r16
    1092:	ff 90       	pop	r15
    1094:	ef 90       	pop	r14
    1096:	df 90       	pop	r13
    1098:	cf 90       	pop	r12
    109a:	bf 90       	pop	r11
    109c:	af 90       	pop	r10
    109e:	9f 90       	pop	r9
    10a0:	8f 90       	pop	r8
    10a2:	7f 90       	pop	r7
    10a4:	6f 90       	pop	r6
    10a6:	5f 90       	pop	r5
    10a8:	08 95       	ret

000010aa <__tablejump2__>:
    10aa:	ee 0f       	add	r30, r30
    10ac:	ff 1f       	adc	r31, r31
    10ae:	05 90       	lpm	r0, Z+
    10b0:	f4 91       	lpm	r31, Z
    10b2:	e0 2d       	mov	r30, r0
    10b4:	09 94       	ijmp

000010b6 <memcmp>:
    10b6:	fb 01       	movw	r30, r22
    10b8:	dc 01       	movw	r26, r24
    10ba:	04 c0       	rjmp	.+8      	; 0x10c4 <memcmp+0xe>
    10bc:	8d 91       	ld	r24, X+
    10be:	01 90       	ld	r0, Z+
    10c0:	80 19       	sub	r24, r0
    10c2:	21 f4       	brne	.+8      	; 0x10cc <memcmp+0x16>
    10c4:	41 50       	subi	r20, 0x01	; 1
    10c6:	50 40       	sbci	r21, 0x00	; 0
    10c8:	c8 f7       	brcc	.-14     	; 0x10bc <memcmp+0x6>
    10ca:	88 1b       	sub	r24, r24
    10cc:	99 0b       	sbc	r25, r25
    10ce:	08 95       	ret

000010d0 <memcpy>:
    10d0:	fb 01       	movw	r30, r22
    10d2:	dc 01       	movw	r26, r24
    10d4:	02 c0       	rjmp	.+4      	; 0x10da <memcpy+0xa>
    10d6:	01 90       	ld	r0, Z+
    10d8:	0d 92       	st	X+, r0
    10da:	41 50       	subi	r20, 0x01	; 1
    10dc:	50 40       	sbci	r21, 0x00	; 0
    10de:	d8 f7       	brcc	.-10     	; 0x10d6 <memcpy+0x6>
    10e0:	08 95       	ret

000010e2 <memset>:
    10e2:	dc 01       	movw	r26, r24
    10e4:	01 c0       	rjmp	.+2      	; 0x10e8 <memset+0x6>
    10e6:	6d 93       	st	X+, r22
    10e8:	41 50       	subi	r20, 0x01	; 1
    10ea:	50 40       	sbci	r21, 0x00	; 0
    10ec:	e0 f7       	brcc	.-8      	; 0x10e6 <memset+0x4>
    10ee:	08 95       	ret

000010f0 <_exit>:
    10f0:	f8 94       	cli

000010f2 <__stop_program>:
    10f2:	ff cf       	rjmp	.-2      	; 0x10f2 <__stop_program>
